order_gid,order_name,order_created_at,order_processed_at,order_financial_status,order_total_amount,order_currency,transaction_gid,transaction_kind,transaction_status,transaction_gateway,transaction_created_at,transaction_processed_at,transaction_amount,transaction_currency,fee_type,fee_amount,fee_currency,fee_tax_amount,fee_tax_currency,fee_rate_name,fee_flat_fee_name,fee_rate
gid://shopify/Order/6943251890366,#1001,2025-07-23T09:17:29Z,2025-07-23T09:17:24Z,REFUNDED,39.2,USD,gid://shopify/OrderTransaction/8328383234238,CAPTURE,SUCCESS,shopify_payments,2025-07-23T09:17:31Z,2025-07-23T09:17:31Z,39.2,USD,processing_fee,1.75,USD,0.0,USD,international_card_not_present,,0.037
gid://shopify/Order/6945778532542,#1002,2025-07-24T14:06:47Z,2025-07-24T14:06:44Z,REFUNDED,39.2,USD,gid://shopify/OrderTransaction/8331512185022,CAPTURE,SUCCESS,shopify_payments,2025-07-24T14:06:48Z,2025-07-24T14:06:49Z,39.2,USD,processing_fee,1.75,USD,0.0,USD,international_card_not_present,,0.037
gid://shopify/Order/6946597109950,#1003,2025-07-24T20:26:12Z,2025-07-24T20:26:09Z,REFUNDED,49.0,USD,gid://shopify/OrderTransaction/8332518031550,CAPTURE,SUCCESS,shopify_payments,2025-07-24T20:26:13Z,2025-07-24T20:26:15Z,49.0,USD,processing_fee,1.62,USD,0.0,USD,domestic_card_not_present,,0.027
gid://shopify/Order/6946785493182,#1004,2025-07-24T22:23:44Z,2025-07-24T22:23:41Z,REFUNDED,49.0,USD,gid://shopify/OrderTransaction/8332753895614,CAPTURE,SUCCESS,shopify_payments,2025-07-24T22:23:45Z,2025-07-24T22:23:46Z,49.0,USD,processing_fee,1.62,USD,0.0,USD,domestic_card_not_present,,0.027
gid://shopify/Order/6946848145598,#1005,2025-07-24T23:03:22Z,2025-07-24T23:03:17Z,REFUNDED,117.0,USD,gid://shopify/OrderTransaction/8332828737726,SALE,SUCCESS,shopify_payments,2025-07-24T23:03:18Z,2025-07-24T23:03:18Z,117.0,USD,processing_fee,3.46,USD,0.0,USD,domestic_card_not_present,,0.027
gid://shopify/Order/6946886287550,#1006,2025-07-24T23:29:19Z,2025-07-24T23:29:15Z,REFUNDED,39.2,USD,gid://shopify/OrderTransaction/8332873859262,CAPTURE,SUCCESS,shopify_payments,2025-07-24T23:29:20Z,2025-07-24T23:29:21Z,39.2,USD,processing_fee,1.36,USD,0.0,USD,domestic_card_not_present,,0.027
gid://shopify/Order/6946899886270,#1007,2025-07-24T23:39:17Z,2025-07-24T23:39:13Z,REFUNDED,39.2,USD,gid://shopify/OrderTransaction/8332893651134,CAPTURE,SUCCESS,shopify_payments,2025-07-24T23:39:18Z,2025-07-24T23:39:18Z,39.2,USD,processing_fee,1.36,USD,0.0,USD,domestic_card_not_present,,0.027
gid://shopify/Order/6946976432318,#1008,2025-07-25T00:32:51Z,2025-07-25T00:32:48Z,REFUNDED,49.0,USD,gid://shopify/OrderTransaction/8332984025278,CAPTURE,SUCCESS,shopify_payments,2025-07-25T00:32:52Z,2025-07-25T00:32:53Z,49.0,USD,processing_fee,1.62,USD,0.0,USD,domestic_card_not_present,,0.027
gid://shopify/Order/6946978857150,#1009,2025-07-25T00:34:03Z,2025-07-25T00:33:59Z,REFUNDED,93.6,USD,gid://shopify/OrderTransaction/8332986286270,CAPTURE,SUCCESS,shopify_payments,2025-07-25T00:34:04Z,2025-07-25T00:34:05Z,93.6,USD,processing_fee,2.83,USD,0.0,USD,domestic_card_not_present,,0.027
gid://shopify/Order/6947027189950,#1010,2025-07-25T01:11:22Z,2025-07-25T01:11:17Z,REFUNDED,49.0,USD,gid://shopify/OrderTransaction/8333045399742,CAPTURE,SUCCESS,shopify_payments,2025-07-25T01:11:23Z,2025-07-25T01:11:25Z,49.0,USD,processing_fee,1.62,USD,0.0,USD,domestic_card_not_present,,0.027
gid://shopify/Order/6947869032638,#1012,2025-07-25T13:03:37Z,2025-07-25T13:03:33Z,REFUNDED,39.2,USD,gid://shopify/OrderTransaction/8334073299134,SALE,SUCCESS,shopify_payments,2025-07-25T13:03:33Z,2025-07-25T13:03:33Z,39.2,USD,processing_fee,1.59,USD,0.0,USD,amex_card_not_present,,0.033
gid://shopify/Order/6947918315710,#1013,2025-07-25T13:37:55Z,2025-07-25T13:37:52Z,REFUNDED,39.2,USD,gid://shopify/OrderTransaction/8334140670142,CAPTURE,SUCCESS,shopify_payments,2025-07-25T13:37:57Z,2025-07-25T13:37:58Z,39.2,USD,processing_fee,1.36,USD,0.0,USD,domestic_card_not_present,,0.027
gid://shopify/Order/6947996893374,#1014,2025-07-25T14:22:27Z,2025-07-25T14:22:24Z,REFUNDED,72.0,USD,gid://shopify/OrderTransaction/8334242087102,CAPTURE,SUCCESS,shopify_payments,2025-07-25T14:22:28Z,2025-07-25T14:22:28Z,72.0,USD,processing_fee,3.0,USD,0.0,USD,paypal_domestic_card_not_present,,0.0349
gid://shopify/Order/6948073668798,#1015,2025-07-25T15:04:02Z,2025-07-25T15:03:58Z,REFUNDED,49.0,USD,gid://shopify/OrderTransaction/8334333280446,CAPTURE,SUCCESS,shopify_payments,2025-07-25T15:04:03Z,2025-07-25T15:04:04Z,49.0,USD,processing_fee,1.92,USD,0.0,USD,premium_domestic_card_not_present,,0.033
gid://shopify/Order/6948147527870,#1016,2025-07-25T15:43:24Z,2025-07-25T15:43:19Z,REFUNDED,39.2,USD,gid://shopify/OrderTransaction/8334425882814,CAPTURE,SUCCESS,shopify_payments,2025-07-25T15:43:25Z,2025-07-25T15:43:25Z,39.2,USD,processing_fee,1.36,USD,0.0,USD,domestic_card_not_present,,0.027
gid://shopify/Order/6948167909566,#1017,2025-07-25T15:53:06Z,2025-07-25T15:53:03Z,REFUNDED,49.0,USD,gid://shopify/OrderTransaction/8334449770686,SALE,SUCCESS,shopify_payments,2025-07-25T15:53:03Z,2025-07-25T15:53:03Z,49.0,USD,processing_fee,1.62,USD,0.0,USD,domestic_card_not_present,,0.027
gid://shopify/Order/6948306714814,#1018,2025-07-25T16:49:35Z,2025-07-25T16:49:30Z,REFUNDED,49.0,USD,gid://shopify/OrderTransaction/8334619508926,SALE,SUCCESS,shopify_payments,2025-07-25T16:49:31Z,2025-07-25T16:49:31Z,49.0,USD,processing_fee,1.62,USD,0.0,USD,domestic_card_not_present,,0.027
gid://shopify/Order/6948502241470,#1019,2025-07-25T18:09:14Z,2025-07-25T18:09:09Z,REFUNDED,49.0,USD,gid://shopify/OrderTransaction/8334847574206,CAPTURE,SUCCESS,shopify_payments,2025-07-25T18:09:15Z,2025-07-25T18:09:15Z,49.0,USD,processing_fee,1.62,USD,0.0,USD,domestic_card_not_present,,0.027
gid://shopify/Order/6948615979198,#1020,2025-07-25T19:06:19Z,2025-07-25T19:06:15Z,REFUNDED,39.2,USD,gid://shopify/OrderTransaction/8334987067582,CAPTURE,SUCCESS,shopify_payments,2025-07-25T19:06:21Z,2025-07-25T19:06:23Z,39.2,USD,processing_fee,1.36,USD,0.0,USD,domestic_card_not_present,,0.027
gid://shopify/Order/6948625809598,#1021,2025-07-25T19:11:32Z,2025-07-25T19:11:29Z,REFUNDED,49.0,USD,gid://shopify/OrderTransaction/8334999027902,CAPTURE,SUCCESS,shopify_payments,2025-07-25T19:11:33Z,2025-07-25T19:11:33Z,49.0,USD,processing_fee,2.2,USD,0.0,USD,paypal_domestic_card_not_present,,0.0349
gid://shopify/Order/6949032788158,#1022,2025-07-25T23:33:38Z,2025-07-25T23:33:32Z,REFUNDED,39.2,USD,gid://shopify/OrderTransaction/8335547072702,SALE,SUCCESS,shopify_payments,2025-07-25T23:33:33Z,2025-07-25T23:33:33Z,39.2,USD,processing_fee,1.36,USD,0.0,USD,domestic_card_not_present,,0.027
gid://shopify/Order/6949098684606,#1023,2025-07-26T00:21:21Z,2025-07-26T00:21:16Z,REFUNDED,49.0,USD,gid://shopify/OrderTransaction/8335641313470,CAPTURE,SUCCESS,shopify_payments,2025-07-26T00:21:22Z,2025-07-26T00:21:22Z,49.0,USD,processing_fee,1.62,USD,0.0,USD,domestic_card_not_present,,0.027
gid://shopify/Order/6949219532990,#1024,2025-07-26T01:50:01Z,2025-07-26T01:49:58Z,REFUNDED,49.0,USD,gid://shopify/OrderTransaction/8335802925246,CAPTURE,SUCCESS,shopify_payments,2025-07-26T01:50:02Z,2025-07-26T01:50:04Z,49.0,USD,processing_fee,1.62,USD,0.0,USD,domestic_card_not_present,,0.027
gid://shopify/Order/6949413388478,#1025,2025-07-26T04:12:12Z,2025-07-26T04:12:10Z,REFUNDED,49.0,USD,gid://shopify/OrderTransaction/8336039706814,CAPTURE,SUCCESS,shopify_payments,2025-07-26T04:12:13Z,2025-07-26T04:12:15Z,49.0,USD,processing_fee,1.62,USD,0.0,USD,domestic_card_not_present,,0.027
gid://shopify/Order/6949766365374,#1026,2025-07-26T09:17:55Z,2025-07-26T09:17:52Z,REFUNDED,49.0,USD,gid://shopify/OrderTransaction/8336462708926,SALE,SUCCESS,shopify_payments,2025-07-26T09:17:53Z,2025-07-26T09:17:53Z,49.0,USD,processing_fee,1.62,USD,0.0,USD,domestic_card_not_present,,0.027
gid://shopify/Order/6949886623934,#1027,2025-07-26T11:49:32Z,2025-07-26T11:49:26Z,REFUNDED,93.6,USD,gid://shopify/OrderTransaction/8336607281342,CAPTURE,SUCCESS,shopify_payments,2025-07-26T11:49:33Z,2025-07-26T11:49:33Z,93.6,USD,processing_fee,2.83,USD,0.0,USD,domestic_card_not_present,,0.027
gid://shopify/Order/6949924176062,#1028,2025-07-26T12:29:35Z,2025-07-26T12:29:31Z,REFUNDED,49.0,USD,gid://shopify/OrderTransaction/8336657350846,CAPTURE,SUCCESS,shopify_payments,2025-07-26T12:29:36Z,2025-07-26T12:29:36Z,49.0,USD,processing_fee,1.62,USD,0.0,USD,domestic_card_not_present,,0.027
gid://shopify/Order/6949928992958,#1029,2025-07-26T12:35:04Z,2025-07-26T12:35:01Z,REFUNDED,49.0,USD,gid://shopify/OrderTransaction/8336664101054,CAPTURE,SUCCESS,shopify_payments,2025-07-26T12:35:05Z,2025-07-26T12:35:07Z,49.0,USD,processing_fee,1.62,USD,0.0,USD,domestic_card_not_present,,0.027
gid://shopify/Order/6949955895486,#1031,2025-07-26T13:00:39Z,2025-07-26T13:00:33Z,REFUNDED,49.0,USD,gid://shopify/OrderTransaction/8336696606910,SALE,SUCCESS,shopify_payments,2025-07-26T13:00:33Z,2025-07-26T13:00:33Z,49.0,USD,processing_fee,1.62,USD,0.0,USD,domestic_card_not_present,,0.027
gid://shopify/Order/6949962875070,#1032,2025-07-26T13:06:28Z,2025-07-26T13:06:27Z,REFUNDED,49.0,USD,gid://shopify/OrderTransaction/8336705585342,CAPTURE,SUCCESS,shopify_payments,2025-07-26T13:06:29Z,2025-07-26T13:06:29Z,49.0,USD,processing_fee,2.2,USD,0.0,USD,paypal_domestic_card_not_present,,0.0349
gid://shopify/Order/6950345703614,#1033,2025-07-26T17:15:28Z,2025-07-26T17:15:25Z,REFUNDED,49.0,USD,gid://shopify/OrderTransaction/8337199104190,CAPTURE,SUCCESS,shopify_payments,2025-07-26T17:15:29Z,2025-07-26T17:15:30Z,49.0,USD,processing_fee,1.92,USD,0.0,USD,amex_card_not_present,,0.033
gid://shopify/Order/6950453805246,#1034,2025-07-26T18:21:33Z,2025-07-26T18:21:29Z,REFUNDED,49.0,USD,gid://shopify/OrderTransaction/8337338400958,CAPTURE,SUCCESS,shopify_payments,2025-07-26T18:21:33Z,2025-07-26T18:21:35Z,49.0,USD,processing_fee,1.62,USD,0.0,USD,domestic_card_not_present,,0.027
gid://shopify/Order/6950546997438,#1035,2025-07-26T19:16:57Z,2025-07-26T19:16:54Z,REFUNDED,39.2,USD,gid://shopify/OrderTransaction/8337469636798,CAPTURE,SUCCESS,shopify_payments,2025-07-26T19:16:58Z,2025-07-26T19:16:59Z,39.2,USD,processing_fee,1.36,USD,0.0,USD,domestic_card_not_present,,0.027
gid://shopify/Order/6950562988222,#1036,2025-07-26T19:26:33Z,2025-07-26T19:26:30Z,REFUNDED,49.0,USD,gid://shopify/OrderTransaction/8337493262526,CAPTURE,SUCCESS,shopify_payments,2025-07-26T19:26:34Z,2025-07-26T19:26:35Z,49.0,USD,processing_fee,1.62,USD,0.0,USD,domestic_card_not_present,,0.027
gid://shopify/Order/6950659621054,#1037,2025-07-26T20:33:20Z,2025-07-26T20:33:16Z,REFUNDED,39.2,USD,gid://shopify/OrderTransaction/8337627152574,CAPTURE,SUCCESS,shopify_payments,2025-07-26T20:33:21Z,2025-07-26T20:33:22Z,39.2,USD,processing_fee,1.59,USD,0.0,USD,amex_card_not_present,,0.033
gid://shopify/Order/6950667387070,#1038,2025-07-26T20:39:32Z,2025-07-26T20:39:27Z,REFUNDED,49.0,USD,gid://shopify/OrderTransaction/8337638228158,CAPTURE,SUCCESS,shopify_payments,2025-07-26T20:39:33Z,2025-07-26T20:39:33Z,49.0,USD,processing_fee,1.62,USD,0.0,USD,domestic_card_not_present,,0.027
gid://shopify/Order/6950724960446,#1039,2025-07-26T21:20:44Z,2025-07-26T21:20:39Z,REFUNDED,39.2,USD,gid://shopify/OrderTransaction/8337710678206,CAPTURE,SUCCESS,shopify_payments,2025-07-26T21:20:45Z,2025-07-26T21:20:45Z,39.2,USD,processing_fee,1.36,USD,0.0,USD,domestic_card_not_present,,0.027
gid://shopify/Order/6950732791998,#1040,2025-07-26T21:27:38Z,2025-07-26T21:27:38Z,REFUNDED,39.2,USD,gid://shopify/OrderTransaction/8337721032894,CAPTURE,SUCCESS,shopify_payments,2025-07-26T21:27:40Z,2025-07-26T21:27:40Z,39.2,USD,processing_fee,1.86,USD,0.0,USD,paypal_domestic_card_not_present,,0.0349
gid://shopify/Order/6950837551294,#1041,2025-07-26T22:54:21Z,2025-07-26T22:54:18Z,REFUNDED,39.2,USD,gid://shopify/OrderTransaction/8337858199742,CAPTURE,SUCCESS,shopify_payments,2025-07-26T22:54:22Z,2025-07-26T22:54:23Z,39.2,USD,processing_fee,1.59,USD,0.0,USD,amex_card_not_present,,0.033
gid://shopify/Order/6951237910718,#1043,2025-07-27T04:18:30Z,2025-07-27T04:18:22Z,REFUNDED,39.2,USD,gid://shopify/OrderTransaction/8338359550142,CAPTURE,SUCCESS,shopify_payments,2025-07-27T04:18:31Z,2025-07-27T04:18:32Z,39.2,USD,processing_fee,1.36,USD,0.0,USD,domestic_card_not_present,,0.027
gid://shopify/Order/6951338737854,#1044,2025-07-27T05:33:29Z,2025-07-27T05:33:25Z,REFUNDED,49.0,USD,gid://shopify/OrderTransaction/8338476597438,CAPTURE,SUCCESS,shopify_payments,2025-07-27T05:33:30Z,2025-07-27T05:33:30Z,49.0,USD,processing_fee,1.62,USD,0.0,USD,domestic_card_not_present,,0.027
gid://shopify/Order/6951411122366,#1045,2025-07-27T06:40:34Z,2025-07-27T06:40:31Z,REFUNDED,39.2,USD,gid://shopify/OrderTransaction/8338563104958,CAPTURE,SUCCESS,shopify_payments,2025-07-27T06:40:35Z,2025-07-27T06:40:36Z,39.2,USD,processing_fee,1.36,USD,0.0,USD,domestic_card_not_present,,0.027
gid://shopify/Order/6951456571582,#1046,2025-07-27T07:22:28Z,2025-07-27T07:22:24Z,REFUNDED,117.0,USD,gid://shopify/OrderTransaction/8338614649022,CAPTURE,SUCCESS,shopify_payments,2025-07-27T07:22:30Z,2025-07-27T07:22:31Z,117.0,USD,processing_fee,3.46,USD,0.0,USD,domestic_card_not_present,,0.027
gid://shopify/Order/6951510933694,#1047,2025-07-27T08:24:40Z,2025-07-27T08:24:36Z,REFUNDED,39.2,USD,gid://shopify/OrderTransaction/8338678415550,CAPTURE,SUCCESS,shopify_payments,2025-07-27T08:24:41Z,2025-07-27T08:24:42Z,39.2,USD,processing_fee,1.36,USD,0.0,USD,domestic_card_not_present,,0.027
gid://shopify/Order/6951999209662,#1049,2025-07-27T15:54:01Z,2025-07-27T15:53:59Z,REFUNDED,39.2,USD,gid://shopify/OrderTransaction/8339286720702,CAPTURE,SUCCESS,shopify_payments,2025-07-27T15:54:02Z,2025-07-27T15:54:02Z,39.2,USD,processing_fee,1.86,USD,0.0,USD,paypal_domestic_card_not_present,,0.0349
gid://shopify/Order/6959680258238,#1050,2025-07-30T18:02:26Z,2025-07-30T18:02:20Z,REFUNDED,39.2,USD,gid://shopify/OrderTransaction/8349052895422,CAPTURE,SUCCESS,shopify_payments,2025-07-30T18:02:27Z,2025-07-30T18:02:28Z,39.2,USD,processing_fee,1.36,USD,0.0,USD,domestic_card_not_present,,0.027
gid://shopify/Order/6959684485310,#1051,2025-07-30T18:04:12Z,2025-07-30T18:04:07Z,REFUNDED,130.0,USD,gid://shopify/OrderTransaction/8349057646782,CAPTURE,SUCCESS,shopify_payments,2025-07-30T18:04:13Z,2025-07-30T18:04:13Z,130.0,USD,processing_fee,3.81,USD,0.0,USD,domestic_card_not_present,,0.027
gid://shopify/Order/6963684376766,#1052,2025-08-01T07:53:50Z,2025-08-01T07:53:47Z,REFUNDED,39.2,USD,gid://shopify/OrderTransaction/8354257273022,CAPTURE,SUCCESS,shopify_payments,2025-08-01T07:53:51Z,2025-08-01T07:53:53Z,39.2,USD,processing_fee,1.75,USD,0.0,USD,international_card_not_present,,0.037
gid://shopify/Order/6964048101566,#1054,2025-08-01T13:13:59Z,2025-08-01T13:13:55Z,REFUNDED,72.0,USD,gid://shopify/OrderTransaction/8354712944830,CAPTURE,SUCCESS,shopify_payments,2025-08-01T13:14:00Z,2025-08-01T13:14:01Z,72.0,USD,processing_fee,2.24,USD,0.0,USD,domestic_card_not_present,,0.027
gid://shopify/Order/6964756971710,#1055,2025-08-01T18:39:05Z,2025-08-01T18:39:01Z,REFUNDED,49.0,USD,gid://shopify/OrderTransaction/8355539747006,CAPTURE,SUCCESS,shopify_payments,2025-08-01T18:39:06Z,2025-08-01T18:39:06Z,49.0,USD,processing_fee,1.62,USD,0.0,USD,domestic_card_not_present,,0.027
gid://shopify/Order/6964831453374,#1056,2025-08-01T19:15:53Z,2025-08-01T19:15:48Z,REFUNDED,49.0,USD,gid://shopify/OrderTransaction/8355653124286,CAPTURE,SUCCESS,shopify_payments,2025-08-01T19:15:54Z,2025-08-01T19:15:54Z,49.0,USD,processing_fee,1.62,USD,0.0,USD,domestic_card_not_present,,0.027
gid://shopify/Order/6965161427134,#1057,2025-08-01T22:26:17Z,2025-08-01T22:26:15Z,REFUNDED,39.2,USD,gid://shopify/OrderTransaction/8356102996158,CAPTURE,SUCCESS,shopify_payments,2025-08-01T22:26:18Z,2025-08-01T22:26:18Z,39.2,USD,processing_fee,1.86,USD,0.0,USD,paypal_domestic_card_not_present,,0.0349
gid://shopify/Order/6965363966142,#1059,2025-08-02T00:49:58Z,2025-08-02T00:49:55Z,REFUNDED,39.2,USD,gid://shopify/OrderTransaction/8356364452030,CAPTURE,SUCCESS,shopify_payments,2025-08-02T00:49:59Z,2025-08-02T00:50:00Z,39.2,USD,processing_fee,1.36,USD,0.0,USD,domestic_card_not_present,,0.027
gid://shopify/Order/6965595275454,#1061,2025-08-02T03:46:21Z,2025-08-02T03:46:15Z,REFUNDED,39.2,USD,gid://shopify/OrderTransaction/8356654186686,SALE,SUCCESS,shopify_payments,2025-08-02T03:46:16Z,2025-08-02T03:46:16Z,39.2,USD,processing_fee,1.36,USD,0.0,USD,domestic_card_not_present,,0.027
gid://shopify/Order/6965707964606,#1063,2025-08-02T05:07:39Z,2025-08-02T05:07:36Z,REFUNDED,49.0,USD,gid://shopify/OrderTransaction/8356798922942,CAPTURE,SUCCESS,shopify_payments,2025-08-02T05:07:40Z,2025-08-02T05:07:41Z,49.0,USD,processing_fee,1.92,USD,0.0,USD,amex_card_not_present,,0.033
gid://shopify/Order/6965755478206,#1064,2025-08-02T05:37:27Z,2025-08-02T05:37:22Z,REFUNDED,39.2,USD,gid://shopify/OrderTransaction/8356856266942,CAPTURE,SUCCESS,shopify_payments,2025-08-02T05:37:28Z,2025-08-02T05:37:29Z,39.2,USD,processing_fee,1.36,USD,0.0,USD,domestic_card_not_present,,0.027
gid://shopify/Order/6965908570302,#1065,2025-08-02T08:00:05Z,2025-08-02T08:00:01Z,REFUNDED,39.2,USD,gid://shopify/OrderTransaction/8357039374526,CAPTURE,SUCCESS,shopify_payments,2025-08-02T08:00:06Z,2025-08-02T08:00:07Z,39.2,USD,processing_fee,1.36,USD,0.0,USD,domestic_card_not_present,,0.027
gid://shopify/Order/6965973418174,#1066,2025-08-02T09:07:41Z,2025-08-02T09:07:35Z,REFUNDED,49.0,USD,gid://shopify/OrderTransaction/8357122998462,CAPTURE,SUCCESS,shopify_payments,2025-08-02T09:07:42Z,2025-08-02T09:07:43Z,49.0,USD,processing_fee,1.62,USD,0.0,USD,domestic_card_not_present,,0.027
gid://shopify/Order/6966133162174,#1068,2025-08-02T12:21:35Z,2025-08-02T12:21:32Z,REFUNDED,93.6,USD,gid://shopify/OrderTransaction/8357307842750,CAPTURE,SUCCESS,shopify_payments,2025-08-02T12:21:36Z,2025-08-02T12:21:37Z,93.6,USD,processing_fee,2.83,USD,0.0,USD,domestic_card_not_present,,0.027
gid://shopify/Order/6966693953726,#1069,2025-08-02T18:26:48Z,2025-08-02T18:26:45Z,REFUNDED,39.2,USD,gid://shopify/OrderTransaction/8358028181694,CAPTURE,SUCCESS,shopify_payments,2025-08-02T18:26:49Z,2025-08-02T18:26:50Z,39.2,USD,processing_fee,1.36,USD,0.0,USD,domestic_card_not_present,,0.027
gid://shopify/Order/6966971007166,#1070,2025-08-02T21:19:01Z,2025-08-02T21:18:58Z,REFUNDED,39.2,USD,gid://shopify/OrderTransaction/8358425723070,CAPTURE,SUCCESS,shopify_payments,2025-08-02T21:19:02Z,2025-08-02T21:19:03Z,39.2,USD,processing_fee,1.36,USD,0.0,USD,domestic_card_not_present,,0.027
gid://shopify/Order/6966987063486,#1071,2025-08-02T21:31:30Z,2025-08-02T21:31:25Z,REFUNDED,49.0,USD,gid://shopify/OrderTransaction/8358448103614,CAPTURE,SUCCESS,shopify_payments,2025-08-02T21:31:31Z,2025-08-02T21:31:32Z,49.0,USD,processing_fee,1.62,USD,0.0,USD,domestic_card_not_present,,0.027
gid://shopify/Order/6966987489470,#1072,2025-08-02T21:31:54Z,2025-08-02T21:31:51Z,REFUNDED,49.0,USD,gid://shopify/OrderTransaction/8358448627902,CAPTURE,SUCCESS,shopify_payments,2025-08-02T21:31:56Z,2025-08-02T21:31:57Z,49.0,USD,processing_fee,1.62,USD,0.0,USD,domestic_card_not_present,,0.027
gid://shopify/Order/6967060267198,#1073,2025-08-02T22:30:15Z,2025-08-02T22:30:12Z,REFUNDED,49.0,USD,gid://shopify/OrderTransaction/8358542901438,CAPTURE,SUCCESS,shopify_payments,2025-08-02T22:30:16Z,2025-08-02T22:30:17Z,49.0,USD,processing_fee,1.62,USD,0.0,USD,domestic_card_not_present,,0.027
gid://shopify/Order/6967135207614,#1074,2025-08-02T23:25:18Z,2025-08-02T23:25:13Z,REFUNDED,39.2,USD,gid://shopify/OrderTransaction/8358633242814,CAPTURE,SUCCESS,shopify_payments,2025-08-02T23:25:19Z,2025-08-02T23:25:20Z,39.2,USD,processing_fee,1.36,USD,0.0,USD,domestic_card_not_present,,0.027
gid://shopify/Order/6967194321086,#1075,2025-08-03T00:11:02Z,2025-08-03T00:10:58Z,REFUNDED,39.2,USD,gid://shopify/OrderTransaction/8358704742590,CAPTURE,SUCCESS,shopify_payments,2025-08-03T00:11:03Z,2025-08-03T00:11:04Z,39.2,USD,processing_fee,1.36,USD,0.0,USD,domestic_card_not_present,,0.027
gid://shopify/Order/6967330603198,#1078,2025-08-03T02:02:43Z,2025-08-03T02:02:40Z,REFUNDED,49.0,USD,gid://shopify/OrderTransaction/8358872121534,CAPTURE,SUCCESS,shopify_payments,2025-08-03T02:02:44Z,2025-08-03T02:02:46Z,49.0,USD,processing_fee,2.41,USD,0.0,USD,premium_international_card_not_present,,0.043
gid://shopify/Order/6967391584446,#1080,2025-08-03T02:55:21Z,2025-08-03T02:55:16Z,REFUNDED,39.2,USD,gid://shopify/OrderTransaction/8358947356862,CAPTURE,SUCCESS,shopify_payments,2025-08-03T02:55:23Z,2025-08-03T02:55:23Z,39.2,USD,processing_fee,1.36,USD,0.0,USD,domestic_card_not_present,,0.027
gid://shopify/Order/6967518888126,#1082,2025-08-03T04:32:31Z,2025-08-03T04:32:28Z,REFUNDED,72.0,USD,gid://shopify/OrderTransaction/8359109722302,CAPTURE,SUCCESS,shopify_payments,2025-08-03T04:32:32Z,2025-08-03T04:32:33Z,72.0,USD,processing_fee,2.24,USD,0.0,USD,domestic_card_not_present,,0.027
gid://shopify/Order/6967829823678,#1084,2025-08-03T09:21:07Z,2025-08-03T09:21:02Z,REFUNDED,49.0,USD,gid://shopify/OrderTransaction/8359472234686,CAPTURE,SUCCESS,shopify_payments,2025-08-03T09:21:08Z,2025-08-03T09:21:08Z,49.0,USD,processing_fee,1.62,USD,0.0,USD,domestic_card_not_present,,0.027
gid://shopify/Order/6967989829822,#1085,2025-08-03T12:17:43Z,2025-08-03T12:17:40Z,REFUNDED,69.0,USD,gid://shopify/OrderTransaction/8359652425918,CAPTURE,SUCCESS,shopify_payments,2025-08-03T12:17:44Z,2025-08-03T12:17:45Z,69.0,USD,processing_fee,2.16,USD,0.0,USD,domestic_card_not_present,,0.027
gid://shopify/Order/6968078598334,#1086,2025-08-03T13:37:17Z,2025-08-03T13:37:14Z,REFUNDED,69.0,USD,gid://shopify/OrderTransaction/8359758332094,CAPTURE,SUCCESS,shopify_payments,2025-08-03T13:37:18Z,2025-08-03T13:37:19Z,69.0,USD,processing_fee,2.16,USD,0.0,USD,domestic_card_not_present,,0.027
gid://shopify/Order/6968116871358,#1087,2025-08-03T14:06:23Z,2025-08-03T14:06:19Z,REFUNDED,69.0,USD,gid://shopify/OrderTransaction/8359803748542,CAPTURE,SUCCESS,shopify_payments,2025-08-03T14:06:24Z,2025-08-03T14:06:26Z,69.0,USD,processing_fee,2.16,USD,0.0,USD,domestic_card_not_present,,0.027
gid://shopify/Order/6968247353534,#1088,2025-08-03T15:39:08Z,2025-08-03T15:39:04Z,REFUNDED,55.2,USD,gid://shopify/OrderTransaction/8359967555774,CAPTURE,SUCCESS,shopify_payments,2025-08-03T15:39:09Z,2025-08-03T15:39:09Z,55.2,USD,processing_fee,1.79,USD,0.0,USD,domestic_card_not_present,,0.027
gid://shopify/Order/6968318361790,#1089,2025-08-03T16:24:09Z,2025-08-03T16:24:06Z,REFUNDED,69.0,USD,gid://shopify/OrderTransaction/8360062353598,CAPTURE,SUCCESS,shopify_payments,2025-08-03T16:24:10Z,2025-08-03T16:24:12Z,69.0,USD,processing_fee,2.16,USD,0.0,USD,domestic_card_not_present,,0.027
gid://shopify/Order/6968472567998,#1090,2025-08-03T17:52:21Z,2025-08-03T17:52:18Z,REFUNDED,69.0,USD,gid://shopify/OrderTransaction/8360245231806,CAPTURE,SUCCESS,shopify_payments,2025-08-03T17:52:22Z,2025-08-03T17:52:24Z,69.0,USD,processing_fee,2.16,USD,0.0,USD,domestic_card_not_present,,0.027
gid://shopify/Order/6968750014654,#1091,2025-08-03T20:47:57Z,2025-08-03T20:47:55Z,REFUNDED,69.0,USD,gid://shopify/OrderTransaction/8360605647038,CAPTURE,SUCCESS,shopify_payments,2025-08-03T20:47:58Z,2025-08-03T20:47:58Z,69.0,USD,processing_fee,2.9,USD,0.0,USD,paypal_domestic_card_not_present,,0.0349
gid://shopify/Order/6968928338110,#1092,2025-08-03T22:51:36Z,2025-08-03T22:51:30Z,REFUNDED,55.2,USD,gid://shopify/OrderTransaction/8360821653694,CAPTURE,SUCCESS,shopify_payments,2025-08-03T22:51:38Z,2025-08-03T22:51:40Z,55.2,USD,processing_fee,2.12,USD,0.0,USD,amex_card_not_present,,0.033
gid://shopify/Order/6968951799998,#1093,2025-08-03T23:09:18Z,2025-08-03T23:09:14Z,REFUNDED,69.0,USD,gid://shopify/OrderTransaction/8360855371966,CAPTURE,SUCCESS,shopify_payments,2025-08-03T23:09:19Z,2025-08-03T23:09:20Z,69.0,USD,processing_fee,2.16,USD,0.0,USD,domestic_card_not_present,,0.027
gid://shopify/Order/6969325322430,#1095,2025-08-04T04:00:45Z,2025-08-04T04:00:41Z,REFUNDED,69.0,USD,gid://shopify/OrderTransaction/8361308356798,CAPTURE,SUCCESS,shopify_payments,2025-08-04T04:00:46Z,2025-08-04T04:00:47Z,69.0,USD,processing_fee,2.58,USD,0.0,USD,premium_domestic_card_not_present,,0.033
gid://shopify/Order/6969382043838,#1096,2025-08-04T04:33:18Z,2025-08-04T04:33:14Z,REFUNDED,55.2,USD,gid://shopify/OrderTransaction/8361378250942,CAPTURE,SUCCESS,shopify_payments,2025-08-04T04:33:20Z,2025-08-04T04:33:20Z,55.2,USD,processing_fee,1.79,USD,0.0,USD,domestic_card_not_present,,0.027
gid://shopify/Order/6969412616382,#1097,2025-08-04T05:02:21Z,2025-08-04T05:02:15Z,REFUNDED,55.2,USD,gid://shopify/OrderTransaction/8361417146558,CAPTURE,SUCCESS,shopify_payments,2025-08-04T05:02:23Z,2025-08-04T05:02:23Z,55.2,USD,processing_fee,1.79,USD,0.0,USD,domestic_card_not_present,,0.027
gid://shopify/Order/6969761497278,#1098,2025-08-04T10:54:11Z,2025-08-04T10:54:05Z,REFUNDED,69.0,USD,gid://shopify/OrderTransaction/8361821601982,CAPTURE,SUCCESS,shopify_payments,2025-08-04T10:54:12Z,2025-08-04T10:54:12Z,69.0,USD,processing_fee,2.16,USD,0.0,USD,domestic_card_not_present,,0.027
gid://shopify/Order/6969765036222,#1099,2025-08-04T10:57:29Z,2025-08-04T10:57:23Z,REFUNDED,69.0,USD,gid://shopify/OrderTransaction/8361824813246,CAPTURE,SUCCESS,shopify_payments,2025-08-04T10:57:30Z,2025-08-04T10:57:30Z,69.0,USD,processing_fee,2.16,USD,0.0,USD,domestic_card_not_present,,0.027
gid://shopify/Order/6969869828286,#1102,2025-08-04T12:28:14Z,2025-08-04T12:28:09Z,REFUNDED,55.2,USD,gid://shopify/OrderTransaction/8361942581438,CAPTURE,SUCCESS,shopify_payments,2025-08-04T12:28:15Z,2025-08-04T12:28:15Z,55.2,USD,processing_fee,1.79,USD,0.0,USD,domestic_card_not_present,,0.027
gid://shopify/Order/6969901744318,#1103,2025-08-04T12:53:38Z,2025-08-04T12:53:33Z,REFUNDED,69.0,USD,gid://shopify/OrderTransaction/8361977577662,CAPTURE,SUCCESS,shopify_payments,2025-08-04T12:53:39Z,2025-08-04T12:53:40Z,69.0,USD,processing_fee,2.16,USD,0.0,USD,domestic_card_not_present,,0.027
gid://shopify/Order/6969912197310,#1104,2025-08-04T13:01:55Z,2025-08-04T13:01:54Z,REFUNDED,55.2,USD,gid://shopify/OrderTransaction/8361989537982,CAPTURE,SUCCESS,shopify_payments,2025-08-04T13:01:56Z,2025-08-04T13:01:56Z,55.2,USD,processing_fee,2.42,USD,0.0,USD,paypal_domestic_card_not_present,,0.0349
gid://shopify/Order/6978824274110,#1106,2025-08-08T04:40:00Z,2025-08-08T04:39:56Z,REFUNDED,39.2,USD,gid://shopify/OrderTransaction/8373162967230,CAPTURE,SUCCESS,shopify_payments,2025-08-08T04:40:01Z,2025-08-08T04:40:02Z,39.2,USD,processing_fee,1.36,USD,0.0,USD,domestic_card_not_present,,0.027
gid://shopify/Order/6985132605630,#1107,2025-08-11T15:13:14Z,2025-08-11T15:13:11Z,REFUNDED,39.2,USD,gid://shopify/OrderTransaction/8381106979006,CAPTURE,SUCCESS,shopify_payments,2025-08-11T15:13:15Z,2025-08-11T15:13:17Z,39.2,USD,processing_fee,1.36,USD,0.0,USD,domestic_card_not_present,,0.027
gid://shopify/Order/6990960230590,#1108,2025-08-13T15:26:19Z,2025-08-13T15:26:14Z,REFUNDED,49.0,USD,gid://shopify/OrderTransaction/8388174446782,CAPTURE,SUCCESS,shopify_payments,2025-08-13T15:26:20Z,2025-08-13T15:26:21Z,49.0,USD,processing_fee,1.62,USD,0.0,USD,domestic_card_not_present,,0.027
gid://shopify/Order/6991907651774,#1109,2025-08-13T23:25:11Z,2025-08-13T23:25:09Z,REFUNDED,49.0,USD,gid://shopify/OrderTransaction/8389395054782,CAPTURE,SUCCESS,shopify_payments,2025-08-13T23:25:12Z,2025-08-13T23:25:12Z,49.0,USD,processing_fee,2.2,USD,0.0,USD,paypal_domestic_card_not_present,,0.0349
gid://shopify/Order/6997271543998,#1110,2025-08-16T06:29:07Z,2025-08-16T06:29:05Z,REFUNDED,39.2,USD,gid://shopify/OrderTransaction/8396249563326,CAPTURE,SUCCESS,shopify_payments,2025-08-16T06:29:08Z,2025-08-16T06:29:08Z,39.2,USD,processing_fee,1.86,USD,0.0,USD,paypal_domestic_card_not_present,,0.0349
gid://shopify/Order/6997690482878,#1111,2025-08-16T13:01:12Z,2025-08-16T13:01:08Z,REFUNDED,49.0,USD,gid://shopify/OrderTransaction/8396776931518,CAPTURE,SUCCESS,shopify_payments,2025-08-16T13:01:13Z,2025-08-16T13:01:14Z,49.0,USD,processing_fee,1.62,USD,0.0,USD,domestic_card_not_present,,0.027
gid://shopify/Order/7004743925950,#1112,2025-08-19T20:39:13Z,2025-08-19T20:39:09Z,REFUNDED,90.0,USD,gid://shopify/OrderTransaction/8405651292350,CAPTURE,SUCCESS,shopify_payments,2025-08-19T20:39:14Z,2025-08-19T20:39:15Z,90.0,USD,processing_fee,2.73,USD,0.0,USD,domestic_card_not_present,,0.027
gid://shopify/Order/7009481588926,#1113,2025-08-21T16:01:54Z,2025-08-21T16:01:50Z,REFUNDED,49.0,USD,gid://shopify/OrderTransaction/8411506081982,SALE,SUCCESS,shopify_payments,2025-08-21T16:01:50Z,2025-08-21T16:01:50Z,49.0,USD,processing_fee,1.62,USD,0.0,USD,domestic_card_not_present,,0.027
gid://shopify/Order/7014236258494,#1114,2025-08-23T19:31:03Z,2025-08-23T19:31:00Z,REFUNDED,49.0,USD,gid://shopify/OrderTransaction/8417536934078,CAPTURE,SUCCESS,shopify_payments,2025-08-23T19:31:04Z,2025-08-23T19:31:05Z,49.0,USD,processing_fee,1.62,USD,0.0,USD,domestic_card_not_present,,0.027
gid://shopify/Order/7019773591742,#1115,2025-08-26T15:29:49Z,2025-08-26T15:29:49Z,REFUNDED,117.0,USD,gid://shopify/OrderTransaction/8424404123838,CAPTURE,SUCCESS,shopify_payments,2025-08-26T15:29:50Z,2025-08-26T15:29:50Z,117.0,USD,processing_fee,4.57,USD,0.0,USD,paypal_domestic_card_not_present,,0.0349
gid://shopify/Order/7022469021886,#1116,2025-08-27T11:43:47Z,2025-08-27T11:43:44Z,REFUNDED,49.0,USD,gid://shopify/OrderTransaction/8427493359806,CAPTURE,SUCCESS,shopify_payments,2025-08-27T11:43:48Z,2025-08-27T11:43:49Z,49.0,USD,processing_fee,1.92,USD,0.0,USD,amex_card_not_present,,0.033
gid://shopify/Order/7025025712318,#1117,2025-08-28T14:33:27Z,2025-08-28T14:33:22Z,REFUNDED,49.0,USD,gid://shopify/OrderTransaction/8430696366270,CAPTURE,SUCCESS,shopify_payments,2025-08-28T14:33:27Z,2025-08-28T14:33:29Z,49.0,USD,processing_fee,1.62,USD,0.0,USD,domestic_card_not_present,,0.027
gid://shopify/Order/7035598504126,#1119,2025-09-02T14:38:51Z,2025-09-02T14:38:48Z,REFUNDED,117.0,USD,gid://shopify/OrderTransaction/8444092711102,CAPTURE,SUCCESS,shopify_payments,2025-09-02T14:38:52Z,2025-09-02T14:38:53Z,117.0,USD,processing_fee,3.46,USD,0.0,USD,domestic_card_not_present,,0.027
gid://shopify/Order/7039440486590,#1120,2025-09-03T20:02:46Z,2025-09-03T20:02:43Z,REFUNDED,49.0,USD,gid://shopify/OrderTransaction/8448732004542,CAPTURE,SUCCESS,shopify_payments,2025-09-03T20:02:47Z,2025-09-03T20:02:49Z,49.0,USD,processing_fee,1.62,USD,0.0,USD,domestic_card_not_present,,0.027
gid://shopify/Order/7042267152574,#1121,2025-09-05T00:42:48Z,2025-09-05T00:42:41Z,REFUNDED,39.2,USD,gid://shopify/OrderTransaction/8452462051518,SALE,SUCCESS,shopify_payments,2025-09-05T00:42:42Z,2025-09-05T00:42:42Z,39.2,USD,processing_fee,1.59,USD,0.0,USD,amex_card_not_present,,0.033
gid://shopify/Order/7047477264574,#1122,2025-09-07T21:06:42Z,2025-09-07T21:06:39Z,REFUNDED,49.0,USD,gid://shopify/OrderTransaction/8459153834174,CAPTURE,SUCCESS,shopify_payments,2025-09-07T21:06:42Z,2025-09-07T21:06:44Z,49.0,USD,processing_fee,1.92,USD,0.0,USD,amex_card_not_present,,0.033
gid://shopify/Order/7048941863102,#1123,2025-09-08T16:33:53Z,2025-09-08T16:33:50Z,REFUNDED,49.0,USD,gid://shopify/OrderTransaction/8460925468862,CAPTURE,SUCCESS,shopify_payments,2025-09-08T16:33:54Z,2025-09-08T16:33:55Z,49.0,USD,processing_fee,1.62,USD,0.0,USD,domestic_card_not_present,,0.027
gid://shopify/Order/7051605606590,#1124,2025-09-09T22:20:39Z,2025-09-09T22:20:36Z,REFUNDED,49.0,USD,gid://shopify/OrderTransaction/8464343859390,CAPTURE,SUCCESS,shopify_payments,2025-09-09T22:20:39Z,2025-09-09T22:20:41Z,49.0,USD,processing_fee,1.62,USD,0.0,USD,domestic_card_not_present,,0.027
gid://shopify/Order/7052030509246,#1125,2025-09-10T04:04:38Z,2025-09-10T04:04:36Z,REFUNDED,55.2,USD,gid://shopify/OrderTransaction/8464875520190,CAPTURE,SUCCESS,shopify_payments,2025-09-10T04:04:39Z,2025-09-10T04:04:39Z,55.2,USD,processing_fee,2.42,USD,0.0,USD,paypal_domestic_card_not_present,,0.0349
gid://shopify/Order/7060441399486,#1126,2025-09-13T17:31:31Z,2025-09-13T17:31:27Z,REFUNDED,49.0,USD,gid://shopify/OrderTransaction/8475351875774,CAPTURE,SUCCESS,shopify_payments,2025-09-13T17:31:32Z,2025-09-13T17:31:32Z,49.0,USD,processing_fee,1.62,USD,0.0,USD,domestic_card_not_present,,0.027
gid://shopify/Order/7073001210046,#1127,2025-09-19T11:29:15Z,2025-09-19T11:29:15Z,REFUNDED,49.0,USD,gid://shopify/OrderTransaction/8491448271038,CAPTURE,SUCCESS,shopify_payments,2025-09-19T11:29:16Z,2025-09-19T11:29:16Z,49.0,USD,processing_fee,2.2,USD,0.0,USD,paypal_domestic_card_not_present,,0.0349
gid://shopify/Order/7073161412798,#1128,2025-09-19T13:37:03Z,2025-09-19T13:36:58Z,REFUNDED,49.0,USD,gid://shopify/OrderTransaction/8491659919550,CAPTURE,SUCCESS,shopify_payments,2025-09-19T13:37:04Z,2025-09-19T13:37:04Z,49.0,USD,processing_fee,1.62,USD,0.0,USD,domestic_card_not_present,,0.027
gid://shopify/Order/7073942143166,#1129,2025-09-19T19:51:56Z,2025-09-19T19:51:52Z,REFUNDED,49.0,USD,gid://shopify/OrderTransaction/8492646531262,CAPTURE,SUCCESS,shopify_payments,2025-09-19T19:51:57Z,2025-09-19T19:51:58Z,49.0,USD,processing_fee,1.62,USD,0.0,USD,domestic_card_not_present,,0.027
gid://shopify/Order/7077544526014,#1130,2025-09-21T21:03:17Z,2025-09-21T21:03:13Z,REFUNDED,69.0,USD,gid://shopify/OrderTransaction/8497373741246,CAPTURE,SUCCESS,shopify_payments,2025-09-21T21:03:18Z,2025-09-21T21:03:19Z,69.0,USD,processing_fee,2.16,USD,0.0,USD,domestic_card_not_present,,0.027
gid://shopify/Order/7569307959486,#1135,2026-03-18T09:17:54Z,2026-03-18T09:17:51Z,REFUNDED,47.2,USD,gid://shopify/OrderTransaction/9092949704894,CAPTURE,SUCCESS,shopify_payments,2026-03-18T09:17:56Z,2026-03-18T09:17:56Z,47.2,USD,processing_fee,2.33,USD,0.0,USD,amex_international_card_not_present,,0.043
gid://shopify/Order/7569314742462,#1136,2026-03-18T09:23:23Z,2026-03-18T09:23:20Z,REFUNDED,117.0,USD,gid://shopify/OrderTransaction/9092960190654,CAPTURE,SUCCESS,shopify_payments,2026-03-18T09:23:24Z,2026-03-18T09:23:24Z,117.0,USD,processing_fee,5.33,USD,0.0,USD,amex_international_card_not_present,,0.043
gid://shopify/Order/7583153094846,#1137,2026-03-23T11:21:43Z,2026-03-23T11:21:38Z,REFUNDED,117.0,USD,gid://shopify/OrderTransaction/9109569732798,CAPTURE,SUCCESS,shopify_payments,2026-03-23T11:21:44Z,2026-03-23T11:21:44Z,117.0,USD,processing_fee,5.33,USD,0.0,USD,amex_international_card_not_present,,0.043
gid://shopify/Order/7586133999806,#1138,2026-03-24T09:56:43Z,2026-03-24T09:56:41Z,PAID,59.0,USD,gid://shopify/OrderTransaction/9112418517182,CAPTURE,SUCCESS,shopify_payments,2026-03-24T09:56:44Z,2026-03-24T09:56:44Z,59.0,USD,processing_fee,2.72,USD,0.0,USD,amex_international_card_not_present,,0.041
gid://shopify/Order/7586136883390,#1139,2026-03-24T10:00:28Z,2026-03-24T10:00:24Z,REFUNDED,53.1,USD,gid://shopify/OrderTransaction/9112422842558,CAPTURE,SUCCESS,shopify_payments,2026-03-24T10:00:29Z,2026-03-24T10:00:29Z,59.0,USD,processing_fee,2.72,USD,0.0,USD,amex_international_card_not_present,,0.041
gid://shopify/Order/7586138194110,#1140,2026-03-24T10:01:27Z,2026-03-24T10:01:24Z,REFUNDED,90.0,USD,gid://shopify/OrderTransaction/9112424349886,CAPTURE,SUCCESS,shopify_payments,2026-03-24T10:01:28Z,2026-03-24T10:01:28Z,90.0,USD,processing_fee,3.99,USD,0.0,USD,amex_international_card_not_present,,0.041
gid://shopify/Order/7601812013246,#1141,2026-03-30T06:45:41Z,2026-03-30T06:45:36Z,REFUNDED,90.0,USD,gid://shopify/OrderTransaction/9132182143166,CAPTURE,SUCCESS,shopify_payments,2026-03-30T06:45:42Z,2026-03-30T06:45:42Z,90.0,USD,processing_fee,3.99,USD,0.0,USD,amex_international_card_not_present,,0.041
gid://shopify/Order/7601833181374,#1142,2026-03-30T07:07:21Z,2026-03-30T07:07:17Z,REFUNDED,117.0,USD,gid://shopify/OrderTransaction/9132210815166,CAPTURE,SUCCESS,shopify_payments,2026-03-30T07:07:22Z,2026-03-30T07:07:22Z,117.0,USD,processing_fee,5.1,USD,0.0,USD,amex_international_card_not_present,,0.041
gid://shopify/Order/7601880498366,#1143,2026-03-30T07:57:05Z,2026-03-30T07:57:01Z,REFUNDED,117.0,USD,gid://shopify/OrderTransaction/9132277137598,CAPTURE,SUCCESS,shopify_payments,2026-03-30T07:57:06Z,2026-03-30T07:57:06Z,117.0,USD,processing_fee,5.1,USD,0.0,USD,amex_international_card_not_present,,0.041
gid://shopify/Order/7604990836926,#1144,2026-03-31T13:10:02Z,2026-03-31T13:09:59Z,PAID,59.0,USD,gid://shopify/OrderTransaction/9136495100094,CAPTURE,SUCCESS,shopify_payments,2026-03-31T13:10:04Z,2026-03-31T13:10:04Z,59.0,USD,processing_fee,2.72,USD,0.0,USD,amex_international_card_not_present,,0.041
gid://shopify/Order/7605007188158,#1145,2026-03-31T13:16:32Z,2026-03-31T13:16:28Z,PAID,87.0,USD,gid://shopify/OrderTransaction/9136509616318,CAPTURE,SUCCESS,shopify_payments,2026-03-31T13:16:33Z,2026-03-31T13:16:33Z,87.0,USD,processing_fee,3.87,USD,0.0,USD,amex_international_card_not_present,,0.041
gid://shopify/Order/7611221835966,#1146,2026-04-01T23:39:14Z,2026-04-01T23:39:12Z,PAID,47.2,USD,gid://shopify/OrderTransaction/9144294310078,CAPTURE,SUCCESS,shopify_payments,2026-04-01T23:39:16Z,2026-04-01T23:39:16Z,47.2,USD,processing_fee,1.48,USD,0.0,USD,domestic_card_not_present,,0.025
gid://shopify/Order/7616048332990,#1147,2026-04-03T22:30:18Z,2026-04-03T22:30:13Z,PAID,47.2,USD,gid://shopify/OrderTransaction/9160586133694,CAPTURE,SUCCESS,shopify_payments,2026-04-03T22:30:19Z,2026-04-03T22:30:19Z,47.2,USD,processing_fee,1.76,USD,0.0,USD,amex_card_not_present,,0.031
gid://shopify/Order/7618867560638,#1148,2026-04-05T09:46:08Z,2026-04-05T09:46:05Z,REFUNDED,59.0,USD,gid://shopify/OrderTransaction/9166147682494,CAPTURE,SUCCESS,shopify_payments,2026-04-05T09:46:09Z,2026-04-05T09:46:09Z,59.0,USD,processing_fee,2.72,USD,0.0,USD,amex_international_card_not_present,,0.041
gid://shopify/Order/7620542791870,#1149,2026-04-06T06:32:15Z,2026-04-06T06:32:12Z,REFUNDED,59.0,USD,gid://shopify/OrderTransaction/9168606363838,CAPTURE,SUCCESS,shopify_payments,2026-04-06T06:32:16Z,2026-04-06T06:32:16Z,59.0,USD,processing_fee,2.72,USD,0.0,USD,amex_international_card_not_present,,0.041
gid://shopify/Order/7623259029694,#1150,2026-04-07T10:04:12Z,2026-04-07T10:04:09Z,REFUNDED,50.15,USD,gid://shopify/OrderTransaction/9172551401662,CAPTURE,SUCCESS,shopify_payments,2026-04-07T10:04:14Z,2026-04-07T10:04:14Z,50.15,USD,processing_fee,1.85,USD,0.0,USD,amex_card_not_present,,0.031
gid://shopify/Order/7637121466558,#1151,2026-04-12T11:17:53Z,2026-04-12T11:17:50Z,REFUNDED,59.0,USD,gid://shopify/OrderTransaction/9190130811070,CAPTURE,SUCCESS,shopify_payments,2026-04-12T11:18:05Z,2026-04-12T11:18:05Z,59.0,USD,processing_fee,2.72,USD,0.0,USD,amex_international_card_not_present,,0.041
gid://shopify/Order/7643151073470,#1152,2026-04-14T09:01:05Z,2026-04-14T09:01:01Z,REFUNDED,29.0,USD,gid://shopify/OrderTransaction/9195511316670,CAPTURE,SUCCESS,shopify_payments,2026-04-14T09:01:07Z,2026-04-14T09:01:07Z,29.0,USD,processing_fee,1.49,USD,0.0,USD,amex_international_card_not_present,,0.041
gid://shopify/Order/7647816417470,#1154,2026-04-15T17:09:37Z,2026-04-15T17:09:34Z,PAID,59.0,USD,gid://shopify/OrderTransaction/9201085219006,CAPTURE,SUCCESS,shopify_payments,2026-04-15T17:09:38Z,2026-04-15T17:09:38Z,59.0,USD,processing_fee,1.78,USD,0.0,USD,domestic_card_not_present,,0.025
gid://shopify/Order/7648499859646,#1155,2026-04-15T22:10:29Z,2026-04-15T22:10:26Z,PAID,50.15,USD,gid://shopify/OrderTransaction/9202028642494,CAPTURE,SUCCESS,shopify_payments,2026-04-15T22:10:30Z,2026-04-15T22:10:30Z,50.15,USD,processing_fee,1.55,USD,0.0,USD,domestic_card_not_present,,0.025
gid://shopify/Order/7648559726782,#1156,2026-04-15T22:45:40Z,2026-04-15T22:45:36Z,PAID,50.15,USD,gid://shopify/OrderTransaction/9202106138814,SALE,SUCCESS,shopify_payments,2026-04-15T22:45:37Z,2026-04-15T22:45:37Z,50.15,USD,processing_fee,2.06,USD,0.0,USD,international_card_not_present,,0.035
gid://shopify/Order/7648624083134,#1157,2026-04-15T23:25:39Z,2026-04-15T23:25:35Z,PAID,59.0,USD,gid://shopify/OrderTransaction/9202190188734,CAPTURE,SUCCESS,shopify_payments,2026-04-15T23:25:41Z,2026-04-15T23:25:41Z,59.0,USD,processing_fee,1.78,USD,0.0,USD,domestic_card_not_present,,0.025
gid://shopify/Order/7648726253758,#1158,2026-04-16T00:31:41Z,2026-04-16T00:31:36Z,PAID,59.0,USD,gid://shopify/OrderTransaction/9202318344382,CAPTURE,SUCCESS,shopify_payments,2026-04-16T00:31:42Z,2026-04-16T00:31:42Z,59.0,USD,processing_fee,1.78,USD,0.0,USD,domestic_card_not_present,,0.025
gid://shopify/Order/7649142243518,#1160,2026-04-16T05:09:08Z,2026-04-16T05:09:05Z,PAID,59.0,USD,gid://shopify/OrderTransaction/9202851905726,CAPTURE,SUCCESS,shopify_payments,2026-04-16T05:09:10Z,2026-04-16T05:09:10Z,59.0,USD,processing_fee,1.78,USD,0.0,USD,domestic_card_not_present,,0.025
gid://shopify/Order/7649379582142,#1162,2026-04-16T09:08:33Z,2026-04-16T09:08:30Z,PAID,59.0,USD,gid://shopify/OrderTransaction/9203159138494,CAPTURE,SUCCESS,shopify_payments,2026-04-16T09:08:35Z,2026-04-16T09:08:35Z,59.0,USD,processing_fee,2.13,USD,0.0,USD,amex_card_not_present,,0.031
gid://shopify/Order/7649422049470,#1163,2026-04-16T09:55:20Z,2026-04-16T09:55:17Z,REFUNDED,117.0,USD,gid://shopify/OrderTransaction/9203214516414,CAPTURE,SUCCESS,shopify_payments,2026-04-16T09:55:21Z,2026-04-16T09:55:21Z,117.0,USD,processing_fee,5.1,USD,0.0,USD,amex_international_card_not_present,,0.041
gid://shopify/Order/7649441185982,#1164,2026-04-16T10:15:01Z,2026-04-16T10:14:58Z,PAID,50.15,USD,gid://shopify/OrderTransaction/9203238961342,CAPTURE,SUCCESS,shopify_payments,2026-04-16T10:15:02Z,2026-04-16T10:15:02Z,50.15,USD,processing_fee,1.55,USD,0.0,USD,domestic_card_not_present,,0.025
gid://shopify/Order/7649466974398,#1165,2026-04-16T10:40:47Z,2026-04-16T10:40:44Z,PAID,50.15,USD,gid://shopify/OrderTransaction/9203274285246,CAPTURE,SUCCESS,shopify_payments,2026-04-16T10:40:48Z,2026-04-16T10:40:48Z,50.15,USD,processing_fee,1.85,USD,0.0,USD,amex_card_not_present,,0.031
gid://shopify/Order/7649544470718,#1166,2026-04-16T11:57:21Z,2026-04-16T11:57:18Z,PAID,59.0,USD,gid://shopify/OrderTransaction/9203379929278,CAPTURE,SUCCESS,shopify_payments,2026-04-16T11:57:23Z,2026-04-16T11:57:23Z,59.0,USD,processing_fee,2.13,USD,0.0,USD,amex_card_not_present,,0.031
gid://shopify/Order/7649877754046,#1167,2026-04-16T14:48:48Z,2026-04-16T14:48:44Z,PAID,50.15,USD,gid://shopify/OrderTransaction/9203795099838,CAPTURE,SUCCESS,shopify_payments,2026-04-16T14:48:49Z,2026-04-16T14:48:49Z,50.15,USD,processing_fee,1.55,USD,0.0,USD,domestic_card_not_present,,0.025
gid://shopify/Order/7650131214526,#1168,2026-04-16T16:12:47Z,2026-04-16T16:12:42Z,PAID,50.15,USD,gid://shopify/OrderTransaction/9204057505982,CAPTURE,SUCCESS,shopify_payments,2026-04-16T16:12:48Z,2026-04-16T16:12:48Z,50.15,USD,processing_fee,1.55,USD,0.0,USD,domestic_card_not_present,,0.025
gid://shopify/Order/7650377466046,#1169,2026-04-16T17:31:47Z,2026-04-16T17:31:44Z,PAID,59.0,USD,gid://shopify/OrderTransaction/9204331413694,CAPTURE,SUCCESS,shopify_payments,2026-04-16T17:31:48Z,2026-04-16T17:31:48Z,59.0,USD,processing_fee,2.13,USD,0.0,USD,premium_domestic_card_not_present,,0.031
gid://shopify/Order/7650425864382,#1170,2026-04-16T17:48:34Z,2026-04-16T17:48:29Z,PAID,76.5,USD,gid://shopify/OrderTransaction/9204388724926,CAPTURE,SUCCESS,shopify_payments,2026-04-16T17:48:35Z,2026-04-16T17:48:35Z,76.5,USD,processing_fee,2.21,USD,0.0,USD,domestic_card_not_present,,0.025
gid://shopify/Order/7650480390334,#1171,2026-04-16T18:09:35Z,2026-04-16T18:09:32Z,PAID,88.0,USD,gid://shopify/OrderTransaction/9204453703870,CAPTURE,SUCCESS,shopify_payments,2026-04-16T18:09:37Z,2026-04-16T18:09:37Z,88.0,USD,processing_fee,3.03,USD,0.0,USD,premium_domestic_card_not_present,,0.031
gid://shopify/Order/7650755248318,#1172,2026-04-16T20:04:47Z,2026-04-16T20:04:43Z,PAID,59.0,USD,gid://shopify/OrderTransaction/9204790001854,CAPTURE,SUCCESS,shopify_payments,2026-04-16T20:04:49Z,2026-04-16T20:04:49Z,59.0,USD,processing_fee,1.78,USD,0.0,USD,domestic_card_not_present,,0.025
gid://shopify/Order/7651684581566,#1174,2026-04-17T04:51:44Z,2026-04-17T04:51:42Z,PAID,88.0,USD,gid://shopify/OrderTransaction/9205996585150,CAPTURE,SUCCESS,shopify_payments,2026-04-17T04:51:45Z,2026-04-17T04:51:45Z,88.0,USD,processing_fee,3.56,USD,0.0,USD,paypal_domestic_card_not_present,,0.0349
gid://shopify/Order/7651814736062,#1177,2026-04-17T06:39:31Z,2026-04-17T06:39:27Z,PAID,88.0,USD,gid://shopify/OrderTransaction/9206157705406,SALE,SUCCESS,shopify_payments,2026-04-17T06:39:28Z,2026-04-17T06:39:28Z,88.0,USD,processing_fee,3.03,USD,0.0,USD,amex_card_not_present,,0.031
gid://shopify/Order/7652097261758,#1178,2026-04-17T11:43:30Z,2026-04-17T11:43:26Z,PAID,59.0,USD,gid://shopify/OrderTransaction/9206531621054,CAPTURE,SUCCESS,shopify_payments,2026-04-17T11:43:32Z,2026-04-17T11:43:32Z,59.0,USD,processing_fee,1.78,USD,0.0,USD,domestic_card_not_present,,0.025
gid://shopify/Order/7652380639422,#1179,2026-04-17T14:02:49Z,2026-04-17T14:02:46Z,PAID,76.5,USD,gid://shopify/OrderTransaction/9206819127486,CAPTURE,SUCCESS,shopify_payments,2026-04-17T14:02:50Z,2026-04-17T14:02:50Z,76.5,USD,processing_fee,2.67,USD,0.0,USD,amex_card_not_present,,0.031
gid://shopify/Order/7652780212414,#1180,2026-04-17T16:45:46Z,2026-04-17T16:45:41Z,PAID,140.2,USD,gid://shopify/OrderTransaction/9207288987838,CAPTURE,SUCCESS,shopify_payments,2026-04-17T16:45:47Z,2026-04-17T16:45:47Z,117.0,USD,processing_fee,3.23,USD,0.0,USD,domestic_card_not_present,,0.025
gid://shopify/Order/7652780212414,#1180,2026-04-17T16:45:46Z,2026-04-17T16:45:41Z,PAID,140.2,USD,gid://shopify/OrderTransaction/9207289741502,SALE,SUCCESS,shopify_payments,2026-04-17T16:46:07Z,2026-04-17T16:46:07Z,23.2,USD,processing_fee,0.88,USD,0.0,USD,domestic_card_not_present,,0.025
gid://shopify/Order/7652922982590,#1181,2026-04-17T17:34:28Z,2026-04-17T17:34:25Z,PAID,59.0,USD,gid://shopify/OrderTransaction/9207453483198,CAPTURE,SUCCESS,shopify_payments,2026-04-17T17:34:30Z,2026-04-17T17:34:30Z,59.0,USD,processing_fee,1.78,USD,0.0,USD,domestic_card_not_present,,0.025
gid://shopify/Order/7652944019646,#1182,2026-04-17T17:40:24Z,2026-04-17T17:40:21Z,REFUNDED,59.0,USD,gid://shopify/OrderTransaction/9207478812862,CAPTURE,SUCCESS,shopify_payments,2026-04-17T17:40:25Z,2026-04-17T17:40:25Z,59.0,USD,processing_fee,1.78,USD,0.0,USD,domestic_card_not_present,,0.025
gid://shopify/Order/7652970725566,#1183,2026-04-17T17:48:07Z,2026-04-17T17:48:05Z,REFUNDED,59.0,USD,gid://shopify/OrderTransaction/9207510597822,CAPTURE,SUCCESS,shopify_payments,2026-04-17T17:48:08Z,2026-04-17T17:48:08Z,59.0,USD,processing_fee,2.55,USD,0.0,USD,paypal_domestic_card_not_present,,0.0349
gid://shopify/Order/7653082300606,#1185,2026-04-17T18:24:03Z,2026-04-17T18:24:00Z,PAID,59.0,USD,gid://shopify/OrderTransaction/9207642783934,CAPTURE,SUCCESS,shopify_payments,2026-04-17T18:24:04Z,2026-04-17T18:24:04Z,59.0,USD,processing_fee,2.13,USD,0.0,USD,amex_card_not_present,,0.031
gid://shopify/Order/7653308235966,#1186,2026-04-17T20:02:41Z,2026-04-17T20:02:40Z,PAID,50.15,USD,gid://shopify/OrderTransaction/9207932682430,CAPTURE,SUCCESS,shopify_payments,2026-04-17T20:02:42Z,2026-04-17T20:02:42Z,50.15,USD,processing_fee,2.24,USD,0.0,USD,paypal_domestic_card_not_present,,0.0349
gid://shopify/Order/7653375639742,#1187,2026-04-17T20:36:31Z,2026-04-17T20:36:26Z,PAID,50.15,USD,gid://shopify/OrderTransaction/9208034001086,CAPTURE,SUCCESS,shopify_payments,2026-04-17T20:36:33Z,2026-04-17T20:36:33Z,50.15,USD,processing_fee,1.55,USD,0.0,USD,domestic_card_not_present,,0.025
gid://shopify/Order/7653500223678,#1188,2026-04-17T21:39:07Z,2026-04-17T21:39:03Z,PAID,99.45,USD,gid://shopify/OrderTransaction/9208218976446,SALE,SUCCESS,shopify_payments,2026-04-17T21:39:03Z,2026-04-17T21:39:03Z,99.45,USD,processing_fee,2.79,USD,0.0,USD,domestic_card_not_present,,0.025
gid://shopify/Order/7653558649022,#1189,2026-04-17T22:14:25Z,2026-04-17T22:14:20Z,PAID,59.0,USD,gid://shopify/OrderTransaction/9208296931518,CAPTURE,SUCCESS,shopify_payments,2026-04-17T22:14:26Z,2026-04-17T22:14:26Z,59.0,USD,processing_fee,1.78,USD,0.0,USD,domestic_card_not_present,,0.025
gid://shopify/Order/7653608390846,#1190,2026-04-17T22:46:23Z,2026-04-17T22:46:21Z,PAID,59.0,USD,gid://shopify/OrderTransaction/9208361877694,CAPTURE,SUCCESS,shopify_payments,2026-04-17T22:46:24Z,2026-04-17T22:46:24Z,59.0,USD,processing_fee,2.55,USD,0.0,USD,paypal_domestic_card_not_present,,0.0349
gid://shopify/Order/7653757583550,#1191,2026-04-18T00:08:38Z,2026-04-18T00:08:37Z,PAID,50.15,USD,gid://shopify/OrderTransaction/9208551243966,CAPTURE,SUCCESS,shopify_payments,2026-04-18T00:08:39Z,2026-04-18T00:08:39Z,50.15,USD,processing_fee,2.24,USD,0.0,USD,paypal_domestic_card_not_present,,0.0349
gid://shopify/Order/7654236618942,#1192,2026-04-18T05:52:44Z,2026-04-18T05:52:43Z,PAID,50.15,USD,gid://shopify/OrderTransaction/9209174425790,CAPTURE,SUCCESS,shopify_payments,2026-04-18T05:52:45Z,2026-04-18T05:52:45Z,50.15,USD,processing_fee,2.24,USD,0.0,USD,paypal_domestic_card_not_present,,0.0349
gid://shopify/Order/7654611615934,#1194,2026-04-18T12:17:27Z,2026-04-18T12:17:24Z,REFUNDED,59.0,USD,gid://shopify/OrderTransaction/9209679544510,CAPTURE,SUCCESS,shopify_payments,2026-04-18T12:17:29Z,2026-04-18T12:17:29Z,59.0,USD,processing_fee,2.13,USD,0.0,USD,amex_card_not_present,,0.031
gid://shopify/Order/7654631932094,#1195,2026-04-18T12:38:11Z,2026-04-18T12:38:08Z,PAID,59.0,USD,gid://shopify/OrderTransaction/9209708511422,CAPTURE,SUCCESS,shopify_payments,2026-04-18T12:38:13Z,2026-04-18T12:38:13Z,59.0,USD,processing_fee,1.78,USD,0.0,USD,domestic_card_not_present,,0.025
gid://shopify/Order/7655027179710,#1196,2026-04-18T16:44:55Z,2026-04-18T16:44:52Z,PAID,50.15,USD,gid://shopify/OrderTransaction/9210262618302,CAPTURE,SUCCESS,shopify_payments,2026-04-18T16:44:56Z,2026-04-18T16:44:56Z,50.15,USD,processing_fee,1.55,USD,0.0,USD,domestic_card_not_present,,0.025
gid://shopify/Order/7655229554878,#1197,2026-04-18T18:15:08Z,2026-04-18T18:15:07Z,PAID,50.15,USD,gid://shopify/OrderTransaction/9210525778110,CAPTURE,SUCCESS,shopify_payments,2026-04-18T18:15:09Z,2026-04-18T18:15:09Z,50.15,USD,processing_fee,2.24,USD,0.0,USD,paypal_domestic_card_not_present,,0.0349
gid://shopify/Order/7655542161598,#1198,2026-04-18T21:00:56Z,2026-04-18T21:00:55Z,PAID,90.0,USD,gid://shopify/OrderTransaction/9210987872446,CAPTURE,SUCCESS,shopify_payments,2026-04-18T21:00:57Z,2026-04-18T21:00:57Z,90.0,USD,processing_fee,3.63,USD,0.0,USD,paypal_domestic_card_not_present,,0.0349
gid://shopify/Order/7655678443710,#1199,2026-04-18T22:34:43Z,2026-04-18T22:34:39Z,PAID,50.15,USD,gid://shopify/OrderTransaction/9211170029758,CAPTURE,SUCCESS,shopify_payments,2026-04-18T22:34:45Z,2026-04-18T22:34:45Z,50.15,USD,processing_fee,1.55,USD,0.0,USD,domestic_card_not_present,,0.025
gid://shopify/Order/7655696564414,#1200,2026-04-18T22:46:57Z,2026-04-18T22:46:52Z,PAID,99.45,USD,gid://shopify/OrderTransaction/9211193295038,CAPTURE,SUCCESS,shopify_payments,2026-04-18T22:46:58Z,2026-04-18T22:46:58Z,99.45,USD,processing_fee,2.79,USD,0.0,USD,domestic_card_not_present,,0.025
gid://shopify/Order/7655831601342,#1201,2026-04-19T00:33:50Z,2026-04-19T00:33:47Z,PAID,59.0,USD,gid://shopify/OrderTransaction/9211370864830,CAPTURE,SUCCESS,shopify_payments,2026-04-19T00:33:51Z,2026-04-19T00:33:51Z,59.0,USD,processing_fee,1.78,USD,0.0,USD,domestic_card_not_present,,0.025
gid://shopify/Order/7655867252926,#1202,2026-04-19T01:03:05Z,2026-04-19T01:03:02Z,PAID,117.0,USD,gid://shopify/OrderTransaction/9211416805566,CAPTURE,SUCCESS,shopify_payments,2026-04-19T01:03:07Z,2026-04-19T01:03:07Z,117.0,USD,processing_fee,3.23,USD,0.0,USD,domestic_card_not_present,,0.025
gid://shopify/Order/7656003698878,#1203,2026-04-19T02:56:03Z,2026-04-19T02:55:58Z,PAID,90.0,USD,gid://shopify/OrderTransaction/9211598438590,CAPTURE,SUCCESS,shopify_payments,2026-04-19T02:56:04Z,2026-04-19T02:56:04Z,90.0,USD,processing_fee,2.55,USD,0.0,USD,domestic_card_not_present,,0.025
gid://shopify/Order/7656149385406,#1204,2026-04-19T04:45:03Z,2026-04-19T04:44:59Z,PAID,59.0,USD,gid://shopify/OrderTransaction/9211788263614,SALE,SUCCESS,shopify_payments,2026-04-19T04:45:00Z,2026-04-19T04:45:00Z,59.0,USD,processing_fee,1.78,USD,0.0,USD,domestic_card_not_present,,0.025
gid://shopify/Order/7656159445182,#1205,2026-04-19T04:54:17Z,2026-04-19T04:54:14Z,PAID,59.0,USD,gid://shopify/OrderTransaction/9211801731262,CAPTURE,SUCCESS,shopify_payments,2026-04-19T04:54:19Z,2026-04-19T04:54:19Z,59.0,USD,processing_fee,1.78,USD,0.0,USD,domestic_card_not_present,,0.025
gid://shopify/Order/7656577892542,#1207,2026-04-19T12:07:39Z,2026-04-19T12:07:35Z,PAID,59.0,USD,gid://shopify/OrderTransaction/9212371828926,CAPTURE,SUCCESS,shopify_payments,2026-04-19T12:07:40Z,2026-04-19T12:07:40Z,59.0,USD,processing_fee,1.78,USD,0.0,USD,domestic_card_not_present,,0.025
gid://shopify/Order/7656710832318,#1209,2026-04-19T14:01:03Z,2026-04-19T14:00:59Z,PAID,50.15,USD,gid://shopify/OrderTransaction/9212562047166,SALE,SUCCESS,shopify_payments,2026-04-19T14:01:00Z,2026-04-19T14:01:00Z,50.15,USD,processing_fee,1.55,USD,0.0,USD,domestic_card_not_present,,0.025
gid://shopify/Order/7656793571518,#1211,2026-04-19T14:56:43Z,2026-04-19T14:56:39Z,PAID,59.0,USD,gid://shopify/OrderTransaction/9212676505790,CAPTURE,SUCCESS,shopify_payments,2026-04-19T14:56:44Z,2026-04-19T14:56:44Z,59.0,USD,processing_fee,1.78,USD,0.0,USD,domestic_card_not_present,,0.025
gid://shopify/Order/7656832434366,#1212,2026-04-19T15:19:46Z,2026-04-19T15:19:42Z,PAID,59.0,USD,gid://shopify/OrderTransaction/9212728377534,CAPTURE,SUCCESS,shopify_payments,2026-04-19T15:19:48Z,2026-04-19T15:19:48Z,59.0,USD,processing_fee,1.78,USD,0.0,USD,domestic_card_not_present,,0.025
gid://shopify/Order/7657228730558,#1213,2026-04-19T18:39:21Z,2026-04-19T18:39:17Z,PAID,99.45,USD,gid://shopify/OrderTransaction/9213242671294,CAPTURE,SUCCESS,shopify_payments,2026-04-19T18:39:22Z,2026-04-19T18:39:22Z,99.45,USD,processing_fee,2.79,USD,0.0,USD,domestic_card_not_present,,0.025
gid://shopify/Order/7657242362046,#1214,2026-04-19T18:46:40Z,2026-04-19T18:46:37Z,PAID,47.2,USD,gid://shopify/OrderTransaction/9213260431550,CAPTURE,SUCCESS,shopify_payments,2026-04-19T18:46:42Z,2026-04-19T18:46:42Z,47.2,USD,processing_fee,1.48,USD,0.0,USD,domestic_card_not_present,,0.025
gid://shopify/Order/7657408463038,#1215,2026-04-19T20:12:42Z,2026-04-19T20:12:39Z,PAID,90.0,USD,gid://shopify/OrderTransaction/9213482893502,CAPTURE,SUCCESS,shopify_payments,2026-04-19T20:12:44Z,2026-04-19T20:12:44Z,90.0,USD,processing_fee,2.55,USD,0.0,USD,domestic_card_not_present,,0.025
gid://shopify/Order/7657524854974,#1216,2026-04-19T21:09:52Z,2026-04-19T21:09:49Z,PAID,47.2,USD,gid://shopify/OrderTransaction/9213667770558,CAPTURE,SUCCESS,shopify_payments,2026-04-19T21:09:53Z,2026-04-19T21:09:53Z,47.2,USD,processing_fee,1.48,USD,0.0,USD,domestic_card_not_present,,0.025
gid://shopify/Order/7657532260542,#1217,2026-04-19T21:14:37Z,2026-04-19T21:14:32Z,PARTIALLY_REFUNDED,234.0,USD,gid://shopify/OrderTransaction/9213677273278,CAPTURE,SUCCESS,shopify_payments,2026-04-19T21:14:39Z,2026-04-19T21:14:39Z,234.0,USD,processing_fee,6.15,USD,0.0,USD,domestic_card_not_present,,0.025
gid://shopify/Order/7657630630078,#1218,2026-04-19T22:10:52Z,2026-04-19T22:10:49Z,REFUNDED,59.0,USD,gid://shopify/OrderTransaction/9213801365694,CAPTURE,SUCCESS,shopify_payments,2026-04-19T22:10:54Z,2026-04-19T22:10:54Z,59.0,USD,processing_fee,1.78,USD,0.0,USD,domestic_card_not_present,,0.025
gid://shopify/Order/7657756164286,#1220,2026-04-19T23:32:03Z,2026-04-19T23:31:58Z,PAID,59.0,USD,gid://shopify/OrderTransaction/9213962682558,CAPTURE,SUCCESS,shopify_payments,2026-04-19T23:32:04Z,2026-04-19T23:32:04Z,59.0,USD,processing_fee,1.78,USD,0.0,USD,domestic_card_not_present,,0.025
gid://shopify/Order/7657779691710,#1221,2026-04-19T23:46:41Z,2026-04-19T23:46:37Z,PAID,59.0,USD,gid://shopify/OrderTransaction/9213992108222,CAPTURE,SUCCESS,shopify_payments,2026-04-19T23:46:42Z,2026-04-19T23:46:42Z,59.0,USD,processing_fee,1.78,USD,0.0,USD,domestic_card_not_present,,0.025
gid://shopify/Order/7658417225918,#1222,2026-04-20T07:27:41Z,2026-04-20T07:27:37Z,PAID,99.45,USD,gid://shopify/OrderTransaction/9214821138622,CAPTURE,SUCCESS,shopify_payments,2026-04-20T07:27:43Z,2026-04-20T07:27:43Z,99.45,USD,processing_fee,2.79,USD,0.0,USD,domestic_card_not_present,,0.025
gid://shopify/Order/7658757554366,#1224,2026-04-20T13:19:09Z,2026-04-20T13:19:06Z,PAID,59.0,USD,gid://shopify/OrderTransaction/9217024557246,CAPTURE,SUCCESS,shopify_payments,2026-04-20T13:19:10Z,2026-04-20T13:19:10Z,59.0,USD,processing_fee,1.78,USD,0.0,USD,domestic_card_not_present,,0.025
gid://shopify/Order/7658961993918,#1225,2026-04-20T15:18:57Z,2026-04-20T15:18:54Z,PAID,50.15,USD,gid://shopify/OrderTransaction/9217417937086,CAPTURE,SUCCESS,shopify_payments,2026-04-20T15:18:59Z,2026-04-20T15:18:59Z,50.15,USD,processing_fee,1.85,USD,0.0,USD,amex_card_not_present,,0.031
gid://shopify/Order/7659131044030,#1226,2026-04-20T16:22:18Z,2026-04-20T16:22:14Z,PAID,50.15,USD,gid://shopify/OrderTransaction/9217676607678,CAPTURE,SUCCESS,shopify_payments,2026-04-20T16:22:19Z,2026-04-20T16:22:19Z,50.15,USD,processing_fee,1.85,USD,0.0,USD,premium_domestic_card_not_present,,0.031
gid://shopify/Order/7659242258622,#1227,2026-04-20T16:57:23Z,2026-04-20T16:57:20Z,PAID,59.0,USD,gid://shopify/OrderTransaction/9217825341630,CAPTURE,SUCCESS,shopify_payments,2026-04-20T16:57:25Z,2026-04-20T16:57:25Z,59.0,USD,processing_fee,1.78,USD,0.0,USD,domestic_card_not_present,,0.025
gid://shopify/Order/7659332993214,#1228,2026-04-20T17:28:38Z,2026-04-20T17:28:34Z,PAID,59.0,USD,gid://shopify/OrderTransaction/9217957429438,CAPTURE,SUCCESS,shopify_payments,2026-04-20T17:28:40Z,2026-04-20T17:28:40Z,59.0,USD,processing_fee,2.13,USD,0.0,USD,amex_card_not_present,,0.031
gid://shopify/Order/7659572887742,#1229,2026-04-20T19:09:52Z,2026-04-20T19:09:49Z,PAID,50.15,USD,gid://shopify/OrderTransaction/9218275606718,CAPTURE,SUCCESS,shopify_payments,2026-04-20T19:09:53Z,2026-04-20T19:09:53Z,50.15,USD,processing_fee,1.55,USD,0.0,USD,domestic_card_not_present,,0.025
gid://shopify/Order/7659634163902,#1231,2026-04-20T19:38:23Z,2026-04-20T19:38:20Z,PAID,50.15,USD,gid://shopify/OrderTransaction/9218368569534,CAPTURE,SUCCESS,shopify_payments,2026-04-20T19:38:24Z,2026-04-20T19:38:24Z,50.15,USD,processing_fee,1.55,USD,0.0,USD,domestic_card_not_present,,0.025
gid://shopify/Order/7659638554814,#1232,2026-04-20T19:40:27Z,2026-04-20T19:40:23Z,PAID,59.0,USD,gid://shopify/OrderTransaction/9218374303934,CAPTURE,SUCCESS,shopify_payments,2026-04-20T19:40:29Z,2026-04-20T19:40:29Z,59.0,USD,processing_fee,2.13,USD,0.0,USD,amex_card_not_present,,0.031
gid://shopify/Order/7659986976958,#1233,2026-04-20T22:45:55Z,2026-04-20T22:45:52Z,PAID,88.0,USD,gid://shopify/OrderTransaction/9218944827582,SALE,SUCCESS,shopify_payments,2026-04-20T22:45:52Z,2026-04-20T22:45:52Z,88.0,USD,processing_fee,2.5,USD,0.0,USD,domestic_card_not_present,,0.025
gid://shopify/Order/7660103925950,#1234,2026-04-20T23:45:45Z,2026-04-20T23:45:41Z,PAID,59.0,USD,gid://shopify/OrderTransaction/9219153985726,CAPTURE,SUCCESS,shopify_payments,2026-04-20T23:45:46Z,2026-04-20T23:45:46Z,59.0,USD,processing_fee,1.78,USD,0.0,USD,domestic_card_not_present,,0.025
gid://shopify/Order/7660104384702,#1235,2026-04-20T23:46:00Z,2026-04-20T23:45:57Z,PAID,59.0,USD,gid://shopify/OrderTransaction/9219155099838,CAPTURE,SUCCESS,shopify_payments,2026-04-20T23:46:02Z,2026-04-20T23:46:02Z,59.0,USD,processing_fee,1.78,USD,0.0,USD,domestic_card_not_present,,0.025
gid://shopify/Order/7660195020990,#1236,2026-04-21T00:30:11Z,2026-04-21T00:30:06Z,PAID,124.95,USD,gid://shopify/OrderTransaction/9219308781758,CAPTURE,SUCCESS,shopify_payments,2026-04-21T00:30:13Z,2026-04-21T00:30:13Z,124.95,USD,processing_fee,3.42,USD,0.0,USD,domestic_card_not_present,,0.025
gid://shopify/Order/7660278120638,#1237,2026-04-21T01:26:35Z,2026-04-21T01:26:31Z,PAID,50.15,USD,gid://shopify/OrderTransaction/9219452436670,CAPTURE,SUCCESS,shopify_payments,2026-04-21T01:26:37Z,2026-04-21T01:26:37Z,50.15,USD,processing_fee,1.55,USD,0.0,USD,domestic_card_not_present,,0.025
gid://shopify/Order/7660691914942,#1238,2026-04-21T05:56:15Z,2026-04-21T05:56:12Z,PAID,59.0,USD,gid://shopify/OrderTransaction/9220005036222,CAPTURE,SUCCESS,shopify_payments,2026-04-21T05:56:17Z,2026-04-21T05:56:17Z,59.0,USD,processing_fee,2.13,USD,0.0,USD,amex_card_not_present,,0.031
gid://shopify/Order/7660795625662,#1239,2026-04-21T07:18:52Z,2026-04-21T07:18:51Z,PAID,50.15,USD,gid://shopify/OrderTransaction/9220146659518,CAPTURE,SUCCESS,shopify_payments,2026-04-21T07:18:53Z,2026-04-21T07:18:53Z,50.15,USD,processing_fee,2.24,USD,0.0,USD,paypal_domestic_card_not_present,,0.0349
gid://shopify/Order/7660827967678,#1240,2026-04-21T07:58:09Z,2026-04-21T07:58:06Z,REFUNDED,59.0,USD,gid://shopify/OrderTransaction/9220196630718,CAPTURE,SUCCESS,shopify_payments,2026-04-21T07:58:10Z,2026-04-21T07:58:10Z,59.0,USD,processing_fee,2.72,USD,0.0,USD,amex_international_card_not_present,,0.041
gid://shopify/Order/7660981059774,#1241,2026-04-21T10:55:24Z,2026-04-21T10:55:22Z,PAID,59.0,USD,gid://shopify/OrderTransaction/9220412604606,CAPTURE,SUCCESS,shopify_payments,2026-04-21T10:55:25Z,2026-04-21T10:55:25Z,59.0,USD,processing_fee,2.55,USD,0.0,USD,paypal_domestic_card_not_present,,0.0349
gid://shopify/Order/7661033357502,#1242,2026-04-21T11:48:26Z,2026-04-21T11:48:21Z,PAID,59.0,USD,gid://shopify/OrderTransaction/9220489674942,SALE,SUCCESS,shopify_payments,2026-04-21T11:48:21Z,2026-04-21T11:48:21Z,59.0,USD,processing_fee,1.78,USD,0.0,USD,domestic_card_not_present,,0.025
gid://shopify/Order/7661079068862,#1243,2026-04-21T12:20:48Z,2026-04-21T12:20:46Z,PAID,50.15,USD,gid://shopify/OrderTransaction/9220550754494,CAPTURE,SUCCESS,shopify_payments,2026-04-21T12:20:50Z,2026-04-21T12:20:50Z,50.15,USD,processing_fee,1.85,USD,0.0,USD,amex_card_not_present,,0.031
gid://shopify/Order/7661150535870,#1244,2026-04-21T13:10:41Z,2026-04-21T13:10:36Z,PAID,59.0,USD,gid://shopify/OrderTransaction/9220653154494,CAPTURE,SUCCESS,shopify_payments,2026-04-21T13:10:42Z,2026-04-21T13:10:42Z,59.0,USD,processing_fee,1.78,USD,0.0,USD,domestic_card_not_present,,0.025
gid://shopify/Order/7661156729022,#1245,2026-04-21T13:14:51Z,2026-04-21T13:14:48Z,PAID,50.15,USD,gid://shopify/OrderTransaction/9220662591678,CAPTURE,SUCCESS,shopify_payments,2026-04-21T13:14:53Z,2026-04-21T13:14:53Z,50.15,USD,processing_fee,1.55,USD,0.0,USD,domestic_card_not_present,,0.025
gid://shopify/Order/7661232095422,#1246,2026-04-21T14:01:32Z,2026-04-21T14:01:29Z,PAID,59.0,USD,gid://shopify/OrderTransaction/9220776526014,CAPTURE,SUCCESS,shopify_payments,2026-04-21T14:01:34Z,2026-04-21T14:01:34Z,59.0,USD,processing_fee,1.78,USD,0.0,USD,domestic_card_not_present,,0.025
gid://shopify/Order/7661407699134,#1247,2026-04-21T15:17:21Z,2026-04-21T15:17:17Z,PAID,50.15,USD,gid://shopify/OrderTransaction/9221027758270,CAPTURE,SUCCESS,shopify_payments,2026-04-21T15:17:22Z,2026-04-21T15:17:22Z,50.15,USD,processing_fee,1.55,USD,0.0,USD,domestic_card_not_present,,0.025
gid://shopify/Order/7661468156094,#1248,2026-04-21T15:44:04Z,2026-04-21T15:43:59Z,PAID,70.4,USD,gid://shopify/OrderTransaction/9221121147070,CAPTURE,SUCCESS,shopify_payments,2026-04-21T15:44:05Z,2026-04-21T15:44:05Z,70.4,USD,processing_fee,2.06,USD,0.0,USD,domestic_card_not_present,,0.025
gid://shopify/Order/7661644316862,#1249,2026-04-21T16:47:27Z,2026-04-21T16:47:24Z,PAID,106.2,USD,gid://shopify/OrderTransaction/9221378113726,CAPTURE,SUCCESS,shopify_payments,2026-04-21T16:47:28Z,2026-04-21T16:47:28Z,59.0,USD,processing_fee,1.78,USD,0.0,USD,domestic_card_not_present,,0.025
gid://shopify/Order/7661644316862,#1249,2026-04-21T16:47:27Z,2026-04-21T16:47:24Z,PAID,106.2,USD,gid://shopify/OrderTransaction/9221379227838,SALE,SUCCESS,shopify_payments,2026-04-21T16:47:49Z,2026-04-21T16:47:49Z,47.2,USD,processing_fee,1.48,USD,0.0,USD,domestic_card_not_present,,0.025
gid://shopify/Order/7661761822910,#1250,2026-04-21T17:22:12Z,2026-04-21T17:22:08Z,PAID,59.0,USD,gid://shopify/OrderTransaction/9221535596734,CAPTURE,SUCCESS,shopify_payments,2026-04-21T17:22:13Z,2026-04-21T17:22:13Z,59.0,USD,processing_fee,1.78,USD,0.0,USD,domestic_card_not_present,,0.025
gid://shopify/Order/7662003650750,#1251,2026-04-21T18:56:29Z,2026-04-21T18:56:25Z,PAID,59.0,USD,gid://shopify/OrderTransaction/9221848105150,CAPTURE,SUCCESS,shopify_payments,2026-04-21T18:56:30Z,2026-04-21T18:56:30Z,59.0,USD,processing_fee,1.78,USD,0.0,USD,domestic_card_not_present,,0.025
gid://shopify/Order/7662158348478,#1252,2026-04-21T20:02:13Z,2026-04-21T20:02:09Z,PAID,59.0,USD,gid://shopify/OrderTransaction/9222032752830,CAPTURE,SUCCESS,shopify_payments,2026-04-21T20:02:15Z,2026-04-21T20:02:15Z,59.0,USD,processing_fee,1.78,USD,0.0,USD,domestic_card_not_present,,0.025
gid://shopify/Order/7662168309950,#1253,2026-04-21T20:06:45Z,2026-04-21T20:06:43Z,PAID,59.0,USD,gid://shopify/OrderTransaction/9222044451006,CAPTURE,SUCCESS,shopify_payments,2026-04-21T20:06:47Z,2026-04-21T20:06:47Z,59.0,USD,processing_fee,1.78,USD,0.0,USD,domestic_card_not_present,,0.025
gid://shopify/Order/7662221951166,#1254,2026-04-21T20:33:35Z,2026-04-21T20:33:31Z,PAID,50.15,USD,gid://shopify/OrderTransaction/9222124568766,CAPTURE,SUCCESS,shopify_payments,2026-04-21T20:33:36Z,2026-04-21T20:33:36Z,50.15,USD,processing_fee,1.55,USD,0.0,USD,domestic_card_not_present,,0.025
gid://shopify/Order/7662381727934,#1255,2026-04-21T21:58:36Z,2026-04-21T21:58:32Z,PAID,50.15,USD,gid://shopify/OrderTransaction/9222339428542,CAPTURE,SUCCESS,shopify_payments,2026-04-21T21:58:38Z,2026-04-21T21:58:38Z,50.15,USD,processing_fee,1.55,USD,0.0,USD,domestic_card_not_present,,0.025
gid://shopify/Order/7662501953726,#1256,2026-04-21T23:05:33Z,2026-04-21T23:05:29Z,PAID,59.0,USD,gid://shopify/OrderTransaction/9222499958974,CAPTURE,SUCCESS,shopify_payments,2026-04-21T23:05:35Z,2026-04-21T23:05:35Z,59.0,USD,processing_fee,1.78,USD,0.0,USD,domestic_card_not_present,,0.025
gid://shopify/Order/7662514995390,#1257,2026-04-21T23:11:19Z,2026-04-21T23:11:15Z,PAID,59.0,USD,gid://shopify/OrderTransaction/9222515196094,SALE,SUCCESS,shopify_payments,2026-04-21T23:11:16Z,2026-04-21T23:11:16Z,59.0,USD,processing_fee,2.13,USD,0.0,USD,amex_card_not_present,,0.031
gid://shopify/Order/7662739914942,#1258,2026-04-22T00:48:11Z,2026-04-22T00:48:08Z,PARTIALLY_REFUNDED,59.0,USD,gid://shopify/OrderTransaction/9222791594174,CAPTURE,SUCCESS,shopify_payments,2026-04-22T00:48:12Z,2026-04-22T00:48:12Z,59.0,USD,processing_fee,1.78,USD,0.0,USD,domestic_card_not_present,,0.025
gid://shopify/Order/7662752563390,#1259,2026-04-22T00:54:30Z,2026-04-22T00:54:27Z,PAID,147.0,USD,gid://shopify/OrderTransaction/9222806634686,CAPTURE,SUCCESS,shopify_payments,2026-04-22T00:54:31Z,2026-04-22T00:54:31Z,147.0,USD,processing_fee,3.98,USD,0.0,USD,domestic_card_not_present,,0.025
gid://shopify/Order/7662821179582,#1260,2026-04-22T01:22:29Z,2026-04-22T01:22:25Z,PAID,139.0,USD,gid://shopify/OrderTransaction/9222885900478,CAPTURE,SUCCESS,shopify_payments,2026-04-22T01:22:30Z,2026-04-22T01:22:30Z,139.0,USD,processing_fee,4.61,USD,0.0,USD,amex_card_not_present,,0.031
gid://shopify/Order/7663073263806,#1261,2026-04-22T04:03:42Z,2026-04-22T04:03:39Z,PAID,59.0,USD,gid://shopify/OrderTransaction/9223203061950,CAPTURE,SUCCESS,shopify_payments,2026-04-22T04:03:43Z,2026-04-22T04:03:43Z,59.0,USD,processing_fee,1.78,USD,0.0,USD,domestic_card_not_present,,0.025
gid://shopify/Order/7663277047998,#1262,2026-04-22T04:22:23Z,2026-04-22T04:22:13Z,PAID,59.0,USD,gid://shopify/OrderTransaction/9223422116030,CAPTURE,SUCCESS,shopify_payments,2026-04-22T04:22:24Z,2026-04-22T04:22:24Z,59.0,USD,processing_fee,1.78,USD,0.0,USD,domestic_card_not_present,,0.025
gid://shopify/Order/7664863510718,#1264,2026-04-22T06:45:38Z,2026-04-22T06:45:37Z,PAID,93.5,USD,gid://shopify/OrderTransaction/9225095512254,CAPTURE,SUCCESS,shopify_payments,2026-04-22T06:45:39Z,2026-04-22T06:45:39Z,93.5,USD,processing_fee,3.75,USD,0.0,USD,paypal_domestic_card_not_present,,0.0349
gid://shopify/Order/7665227792574,#1265,2026-04-22T12:47:00Z,2026-04-22T12:46:58Z,PAID,59.0,USD,gid://shopify/OrderTransaction/9225612984510,CAPTURE,SUCCESS,shopify_payments,2026-04-22T12:47:02Z,2026-04-22T12:47:02Z,59.0,USD,processing_fee,1.78,USD,0.0,USD,domestic_card_not_present,,0.025
gid://shopify/Order/7665267212478,#1266,2026-04-22T13:10:51Z,2026-04-22T13:10:47Z,PAID,59.0,USD,gid://shopify/OrderTransaction/9225665020094,CAPTURE,SUCCESS,shopify_payments,2026-04-22T13:10:52Z,2026-04-22T13:10:52Z,59.0,USD,processing_fee,1.78,USD,0.0,USD,domestic_card_not_present,,0.025
gid://shopify/Order/7665267343550,#1267,2026-04-22T13:10:54Z,2026-04-22T13:10:50Z,PAID,59.0,USD,gid://shopify/OrderTransaction/9225665183934,CAPTURE,SUCCESS,shopify_payments,2026-04-22T13:10:55Z,2026-04-22T13:10:55Z,59.0,USD,processing_fee,1.78,USD,0.0,USD,domestic_card_not_present,,0.025
gid://shopify/Order/7665312465086,#1268,2026-04-22T13:34:56Z,2026-04-22T13:34:52Z,PAID,59.0,USD,gid://shopify/OrderTransaction/9225731965118,CAPTURE,SUCCESS,shopify_payments,2026-04-22T13:34:57Z,2026-04-22T13:34:57Z,59.0,USD,processing_fee,1.78,USD,0.0,USD,domestic_card_not_present,,0.025
gid://shopify/Order/7665606262974,#1269,2026-04-22T15:33:50Z,2026-04-22T15:33:46Z,PAID,59.0,USD,gid://shopify/OrderTransaction/9226084221118,CAPTURE,SUCCESS,shopify_payments,2026-04-22T15:33:51Z,2026-04-22T15:33:51Z,59.0,USD,processing_fee,1.78,USD,0.0,USD,domestic_card_not_present,,0.025
gid://shopify/Order/7665957273790,#1270,2026-04-22T17:22:25Z,2026-04-22T17:22:20Z,PAID,50.15,USD,gid://shopify/OrderTransaction/9226512892094,CAPTURE,SUCCESS,shopify_payments,2026-04-22T17:22:27Z,2026-04-22T17:22:27Z,50.15,USD,processing_fee,1.55,USD,0.0,USD,domestic_card_not_present,,0.025
gid://shopify/Order/7666039587006,#1271,2026-04-22T17:47:37Z,2026-04-22T17:47:36Z,PARTIALLY_REFUNDED,106.2,USD,gid://shopify/OrderTransaction/9226610835646,CAPTURE,SUCCESS,shopify_payments,2026-04-22T17:47:37Z,2026-04-22T17:47:37Z,59.0,USD,processing_fee,2.55,USD,0.0,USD,paypal_domestic_card_not_present,,0.0349
gid://shopify/Order/7666039587006,#1271,2026-04-22T17:47:37Z,2026-04-22T17:47:36Z,PARTIALLY_REFUNDED,106.2,USD,gid://shopify/OrderTransaction/9226611392702,SALE,SUCCESS,shopify_payments,2026-04-22T17:47:50Z,2026-04-22T17:47:50Z,47.2,USD,processing_fee,2.14,USD,0.0,USD,paypal_domestic_card_not_present,,0.0349
gid://shopify/Order/7666054496446,#1272,2026-04-22T17:52:41Z,2026-04-22T17:52:38Z,PAID,59.0,USD,gid://shopify/OrderTransaction/9226629251262,CAPTURE,SUCCESS,shopify_payments,2026-04-22T17:52:43Z,2026-04-22T17:52:43Z,59.0,USD,processing_fee,1.78,USD,0.0,USD,domestic_card_not_present,,0.025
gid://shopify/Order/7666254446782,#1275,2026-04-22T18:55:57Z,2026-04-22T18:55:55Z,PAID,59.0,USD,gid://shopify/OrderTransaction/9226847617214,CAPTURE,SUCCESS,shopify_payments,2026-04-22T18:55:58Z,2026-04-22T18:55:58Z,59.0,USD,processing_fee,1.78,USD,0.0,USD,domestic_card_not_present,,0.025
gid://shopify/Order/7666623512766,#1276,2026-04-22T21:38:18Z,2026-04-22T21:38:14Z,PAID,59.0,USD,gid://shopify/OrderTransaction/9227328291006,CAPTURE,SUCCESS,shopify_payments,2026-04-22T21:38:20Z,2026-04-22T21:38:20Z,59.0,USD,processing_fee,1.78,USD,0.0,USD,domestic_card_not_present,,0.025
gid://shopify/Order/7666674696382,#1277,2026-04-22T22:07:59Z,2026-04-22T22:07:56Z,PAID,88.0,USD,gid://shopify/OrderTransaction/9227403690174,CAPTURE,SUCCESS,shopify_payments,2026-04-22T22:08:00Z,2026-04-22T22:08:00Z,88.0,USD,processing_fee,3.03,USD,0.0,USD,premium_domestic_card_not_present,,0.031
gid://shopify/Order/7666700484798,#1278,2026-04-22T22:24:12Z,2026-04-22T22:24:08Z,PAID,50.15,USD,gid://shopify/OrderTransaction/9227439734974,CAPTURE,SUCCESS,shopify_payments,2026-04-22T22:24:13Z,2026-04-22T22:24:13Z,50.15,USD,processing_fee,1.55,USD,0.0,USD,domestic_card_not_present,,0.025
gid://shopify/Order/7666726928574,#1279,2026-04-22T22:40:58Z,2026-04-22T22:40:55Z,PAID,59.0,USD,gid://shopify/OrderTransaction/9227475550398,CAPTURE,SUCCESS,shopify_payments,2026-04-22T22:41:00Z,2026-04-22T22:41:00Z,59.0,USD,processing_fee,1.78,USD,0.0,USD,domestic_card_not_present,,0.025
gid://shopify/Order/7666801606846,#1280,2026-04-22T23:26:52Z,2026-04-22T23:26:49Z,PAID,110.0,USD,gid://shopify/OrderTransaction/9227575263422,CAPTURE,SUCCESS,shopify_payments,2026-04-22T23:26:53Z,2026-04-22T23:26:53Z,110.0,USD,processing_fee,3.05,USD,0.0,USD,domestic_card_not_present,,0.025
gid://shopify/Order/7666815402174,#1281,2026-04-22T23:35:42Z,2026-04-22T23:35:39Z,PAID,59.0,USD,gid://shopify/OrderTransaction/9227594563774,CAPTURE,SUCCESS,shopify_payments,2026-04-22T23:35:43Z,2026-04-22T23:35:43Z,59.0,USD,processing_fee,1.78,USD,0.0,USD,domestic_card_not_present,,0.025
gid://shopify/Order/7666901123262,#1282,2026-04-23T00:34:25Z,2026-04-23T00:34:21Z,PAID,50.15,USD,gid://shopify/OrderTransaction/9227713183934,CAPTURE,SUCCESS,shopify_payments,2026-04-23T00:34:26Z,2026-04-23T00:34:26Z,50.15,USD,processing_fee,1.85,USD,0.0,USD,premium_domestic_card_not_present,,0.031
gid://shopify/Order/7666962694334,#1283,2026-04-23T01:15:04Z,2026-04-23T01:15:00Z,PAID,59.0,USD,gid://shopify/OrderTransaction/9227794612414,CAPTURE,SUCCESS,shopify_payments,2026-04-23T01:15:05Z,2026-04-23T01:15:05Z,59.0,USD,processing_fee,1.78,USD,0.0,USD,domestic_card_not_present,,0.025
gid://shopify/Order/7667149045950,#1284,2026-04-23T03:25:09Z,2026-04-23T03:25:06Z,PAID,59.0,USD,gid://shopify/OrderTransaction/9228054593726,SALE,SUCCESS,shopify_payments,2026-04-23T03:25:06Z,2026-04-23T03:25:06Z,59.0,USD,processing_fee,1.78,USD,0.0,USD,domestic_card_not_present,,0.025
gid://shopify/Order/7667195838654,#1285,2026-04-23T04:03:05Z,2026-04-23T04:02:59Z,PAID,59.0,USD,gid://shopify/OrderTransaction/9228114723006,CAPTURE,SUCCESS,shopify_payments,2026-04-23T04:03:06Z,2026-04-23T04:03:06Z,59.0,USD,processing_fee,1.78,USD,0.0,USD,domestic_card_not_present,,0.025
gid://shopify/Order/7667401294014,#1286,2026-04-23T06:39:41Z,2026-04-23T06:39:39Z,PAID,50.15,USD,gid://shopify/OrderTransaction/9228390170814,CAPTURE,SUCCESS,shopify_payments,2026-04-23T06:39:42Z,2026-04-23T06:39:42Z,50.15,USD,processing_fee,1.55,USD,0.0,USD,domestic_card_not_present,,0.025
gid://shopify/Order/7667454804158,#1287,2026-04-23T07:34:56Z,2026-04-23T07:34:53Z,REFUNDED,59.0,USD,gid://shopify/OrderTransaction/9228465963198,SALE,SUCCESS,shopify_payments,2026-04-23T07:34:54Z,2026-04-23T07:34:54Z,59.0,USD,processing_fee,1.78,USD,0.0,USD,domestic_card_not_present,,0.025
gid://shopify/Order/7667487047870,#1288,2026-04-23T08:10:27Z,2026-04-23T08:10:24Z,REFUNDED,59.0,USD,gid://shopify/OrderTransaction/9228512886974,CAPTURE,SUCCESS,shopify_payments,2026-04-23T08:10:28Z,2026-04-23T08:10:28Z,59.0,USD,processing_fee,2.72,USD,0.0,USD,amex_international_card_not_present,,0.041
gid://shopify/Order/7667608846526,#1289,2026-04-23T10:23:30Z,2026-04-23T10:23:26Z,PAID,59.0,USD,gid://shopify/OrderTransaction/9228693307582,CAPTURE,SUCCESS,shopify_payments,2026-04-23T10:23:31Z,2026-04-23T10:23:31Z,59.0,USD,processing_fee,1.78,USD,0.0,USD,domestic_card_not_present,,0.025
gid://shopify/Order/7667630342334,#1290,2026-04-23T10:43:58Z,2026-04-23T10:43:55Z,PAID,59.0,USD,gid://shopify/OrderTransaction/9228725092542,CAPTURE,SUCCESS,shopify_payments,2026-04-23T10:43:59Z,2026-04-23T10:43:59Z,59.0,USD,processing_fee,2.13,USD,0.0,USD,premium_domestic_card_not_present,,0.031
gid://shopify/Order/7667889995966,#1292,2026-04-23T13:48:55Z,2026-04-23T13:48:52Z,PAID,59.0,USD,gid://shopify/OrderTransaction/9229053591742,CAPTURE,SUCCESS,shopify_payments,2026-04-23T13:48:57Z,2026-04-23T13:48:57Z,59.0,USD,processing_fee,2.13,USD,0.0,USD,amex_card_not_present,,0.031
gid://shopify/Order/7668159840446,#1294,2026-04-23T15:51:01Z,2026-04-23T15:50:58Z,PAID,59.0,USD,gid://shopify/OrderTransaction/9229400703166,CAPTURE,SUCCESS,shopify_payments,2026-04-23T15:51:02Z,2026-04-23T15:51:02Z,59.0,USD,processing_fee,1.78,USD,0.0,USD,domestic_card_not_present,,0.025
gid://shopify/Order/7668231569598,#1296,2026-04-23T16:16:54Z,2026-04-23T16:16:47Z,PAID,59.0,USD,gid://shopify/OrderTransaction/9229490487486,CAPTURE,SUCCESS,shopify_payments,2026-04-23T16:16:56Z,2026-04-23T16:16:56Z,59.0,USD,processing_fee,2.13,USD,0.0,USD,premium_domestic_card_not_present,,0.031
gid://shopify/Order/7668350517438,#1297,2026-04-23T16:55:39Z,2026-04-23T16:55:36Z,PAID,59.0,USD,gid://shopify/OrderTransaction/9229626179774,SALE,SUCCESS,shopify_payments,2026-04-23T16:55:36Z,2026-04-23T16:55:36Z,59.0,USD,processing_fee,1.78,USD,0.0,USD,domestic_card_not_present,,0.025
gid://shopify/Order/7668447346878,#1298,2026-04-23T17:21:47Z,2026-04-23T17:21:46Z,PAID,59.0,USD,gid://shopify/OrderTransaction/9229721370814,CAPTURE,SUCCESS,shopify_payments,2026-04-23T17:21:48Z,2026-04-23T17:21:48Z,59.0,USD,processing_fee,2.55,USD,0.0,USD,paypal_domestic_card_not_present,,0.0349
gid://shopify/Order/7668523696318,#1299,2026-04-23T17:47:43Z,2026-04-23T17:47:40Z,PAID,59.0,USD,gid://shopify/OrderTransaction/9229815513278,CAPTURE,SUCCESS,shopify_payments,2026-04-23T17:47:44Z,2026-04-23T17:47:44Z,59.0,USD,processing_fee,1.78,USD,0.0,USD,domestic_card_not_present,,0.025
gid://shopify/Order/7668529070270,#1300,2026-04-23T17:50:05Z,2026-04-23T17:50:02Z,PAID,74.8,USD,gid://shopify/OrderTransaction/9229822918846,CAPTURE,SUCCESS,shopify_payments,2026-04-23T17:50:06Z,2026-04-23T17:50:06Z,74.8,USD,processing_fee,2.17,USD,0.0,USD,domestic_card_not_present,,0.025
gid://shopify/Order/7668636811454,#1301,2026-04-23T18:29:03Z,2026-04-23T18:28:59Z,PAID,50.15,USD,gid://shopify/OrderTransaction/9229952581822,CAPTURE,SUCCESS,shopify_payments,2026-04-23T18:29:04Z,2026-04-23T18:29:04Z,50.15,USD,processing_fee,1.55,USD,0.0,USD,domestic_card_not_present,,0.025
gid://shopify/Order/7668690256062,#1302,2026-04-23T18:49:53Z,2026-04-23T18:49:51Z,PAID,50.15,USD,gid://shopify/OrderTransaction/9230018642110,CAPTURE,SUCCESS,shopify_payments,2026-04-23T18:49:53Z,2026-04-23T18:49:53Z,50.15,USD,processing_fee,2.24,USD,0.0,USD,paypal_domestic_card_not_present,,0.0349
gid://shopify/Order/7668827717822,#1303,2026-04-23T19:50:00Z,2026-04-23T19:49:57Z,PAID,59.0,USD,gid://shopify/OrderTransaction/9230194868414,SALE,SUCCESS,shopify_payments,2026-04-23T19:49:57Z,2026-04-23T19:49:57Z,59.0,USD,processing_fee,1.78,USD,0.0,USD,domestic_card_not_present,,0.025
gid://shopify/Order/7668839809214,#1304,2026-04-23T19:55:32Z,2026-04-23T19:55:29Z,PAID,50.15,USD,gid://shopify/OrderTransaction/9230211219646,CAPTURE,SUCCESS,shopify_payments,2026-04-23T19:55:33Z,2026-04-23T19:55:33Z,50.15,USD,processing_fee,1.55,USD,0.0,USD,domestic_card_not_present,,0.025
gid://shopify/Order/7668951548094,#1306,2026-04-23T20:49:09Z,2026-04-23T20:49:06Z,PAID,88.0,USD,gid://shopify/OrderTransaction/9230380499134,CAPTURE,SUCCESS,shopify_payments,2026-04-23T20:49:10Z,2026-04-23T20:49:10Z,88.0,USD,processing_fee,2.5,USD,0.0,USD,domestic_card_not_present,,0.025
gid://shopify/Order/7669039104190,#1307,2026-04-23T21:30:21Z,2026-04-23T21:30:18Z,PAID,59.0,USD,gid://shopify/OrderTransaction/9230522712254,CAPTURE,SUCCESS,shopify_payments,2026-04-23T21:30:23Z,2026-04-23T21:30:23Z,59.0,USD,processing_fee,1.78,USD,0.0,USD,domestic_card_not_present,,0.025
gid://shopify/Order/7669060108478,#1308,2026-04-23T21:42:03Z,2026-04-23T21:42:02Z,PAID,50.15,USD,gid://shopify/OrderTransaction/9230551482558,CAPTURE,SUCCESS,shopify_payments,2026-04-23T21:42:04Z,2026-04-23T21:42:04Z,50.15,USD,processing_fee,2.24,USD,0.0,USD,paypal_domestic_card_not_present,,0.0349
gid://shopify/Order/7669148418238,#1309,2026-04-23T22:30:45Z,2026-04-23T22:30:44Z,PAID,50.15,USD,gid://shopify/OrderTransaction/9230672101566,CAPTURE,SUCCESS,shopify_payments,2026-04-23T22:30:46Z,2026-04-23T22:30:46Z,50.15,USD,processing_fee,2.24,USD,0.0,USD,paypal_domestic_card_not_present,,0.0349
gid://shopify/Order/7669366194366,#1310,2026-04-24T00:52:15Z,2026-04-24T00:52:11Z,PAID,110.0,USD,gid://shopify/OrderTransaction/9230968488126,CAPTURE,SUCCESS,shopify_payments,2026-04-24T00:52:16Z,2026-04-24T00:52:16Z,110.0,USD,processing_fee,3.05,USD,0.0,USD,domestic_card_not_present,,0.025
gid://shopify/Order/7669405876414,#1311,2026-04-24T01:18:44Z,2026-04-24T01:18:41Z,PAID,59.0,USD,gid://shopify/OrderTransaction/9231020589246,CAPTURE,SUCCESS,shopify_payments,2026-04-24T01:18:46Z,2026-04-24T01:18:46Z,59.0,USD,processing_fee,1.78,USD,0.0,USD,domestic_card_not_present,,0.025
gid://shopify/Order/7669485011134,#1312,2026-04-24T02:12:40Z,2026-04-24T02:12:37Z,PAID,139.0,USD,gid://shopify/OrderTransaction/9231133081790,SALE,SUCCESS,shopify_payments,2026-04-24T02:12:38Z,2026-04-24T02:12:38Z,139.0,USD,processing_fee,3.78,USD,0.0,USD,domestic_card_not_present,,0.025
gid://shopify/Order/7669493629118,#1313,2026-04-24T02:18:38Z,2026-04-24T02:18:36Z,PAID,59.0,USD,gid://shopify/OrderTransaction/9231145271486,CAPTURE,SUCCESS,shopify_payments,2026-04-24T02:18:39Z,2026-04-24T02:18:39Z,59.0,USD,processing_fee,1.78,USD,0.0,USD,domestic_card_not_present,,0.025
gid://shopify/Order/7669875409086,#1315,2026-04-24T07:01:24Z,2026-04-24T07:01:20Z,PAID,59.0,USD,gid://shopify/OrderTransaction/9231640985790,CAPTURE,SUCCESS,shopify_payments,2026-04-24T07:01:25Z,2026-04-24T07:01:25Z,59.0,USD,processing_fee,2.13,USD,0.0,USD,amex_card_not_present,,0.031
gid://shopify/Order/7670250111166,#1316,2026-04-24T12:47:10Z,2026-04-24T12:47:06Z,PAID,59.0,USD,gid://shopify/OrderTransaction/9232174907582,CAPTURE,SUCCESS,shopify_payments,2026-04-24T12:47:12Z,2026-04-24T12:47:12Z,59.0,USD,processing_fee,1.78,USD,0.0,USD,domestic_card_not_present,,0.025
gid://shopify/Order/7670279012542,#1317,2026-04-24T13:03:57Z,2026-04-24T13:03:53Z,PAID,59.0,USD,gid://shopify/OrderTransaction/9232212164798,CAPTURE,SUCCESS,shopify_payments,2026-04-24T13:03:58Z,2026-04-24T13:03:58Z,59.0,USD,processing_fee,1.78,USD,0.0,USD,domestic_card_not_present,,0.025
gid://shopify/Order/7670294544574,#1318,2026-04-24T13:13:16Z,2026-04-24T13:13:12Z,PAID,59.0,USD,gid://shopify/OrderTransaction/9232232644798,CAPTURE,SUCCESS,shopify_payments,2026-04-24T13:13:17Z,2026-04-24T13:13:17Z,59.0,USD,processing_fee,1.78,USD,0.0,USD,domestic_card_not_present,,0.025
gid://shopify/Order/7670376661182,#1319,2026-04-24T13:58:35Z,2026-04-24T13:58:30Z,PAID,50.15,USD,gid://shopify/OrderTransaction/9232335012030,CAPTURE,SUCCESS,shopify_payments,2026-04-24T13:58:36Z,2026-04-24T13:58:36Z,50.15,USD,processing_fee,1.55,USD,0.0,USD,domestic_card_not_present,,0.025
gid://shopify/Order/7670580183230,#1320,2026-04-24T15:29:42Z,2026-04-24T15:29:38Z,PAID,59.0,USD,gid://shopify/OrderTransaction/9232587817150,CAPTURE,SUCCESS,shopify_payments,2026-04-24T15:29:43Z,2026-04-24T15:29:43Z,59.0,USD,processing_fee,1.78,USD,0.0,USD,domestic_card_not_present,,0.025
gid://shopify/Order/7671019176126,#1322,2026-04-24T18:06:52Z,2026-04-24T18:06:49Z,PAID,59.0,USD,gid://shopify/OrderTransaction/9233103388862,CAPTURE,SUCCESS,shopify_payments,2026-04-24T18:06:54Z,2026-04-24T18:06:54Z,59.0,USD,processing_fee,1.78,USD,0.0,USD,domestic_card_not_present,,0.025
gid://shopify/Order/7671147495614,#1324,2026-04-24T19:02:03Z,2026-04-24T19:02:01Z,PAID,59.0,USD,gid://shopify/OrderTransaction/9233265164478,CAPTURE,SUCCESS,shopify_payments,2026-04-24T19:02:05Z,2026-04-24T19:02:05Z,59.0,USD,processing_fee,1.78,USD,0.0,USD,domestic_card_not_present,,0.025
gid://shopify/Order/7671224959166,#1325,2026-04-24T19:36:41Z,2026-04-24T19:36:37Z,PAID,50.15,USD,gid://shopify/OrderTransaction/9233368613054,CAPTURE,SUCCESS,shopify_payments,2026-04-24T19:36:43Z,2026-04-24T19:36:43Z,50.15,USD,processing_fee,1.55,USD,0.0,USD,domestic_card_not_present,,0.025
gid://shopify/Order/7671245308094,#1326,2026-04-24T19:46:38Z,2026-04-24T19:46:34Z,PAID,59.0,USD,gid://shopify/OrderTransaction/9233398464702,CAPTURE,SUCCESS,shopify_payments,2026-04-24T19:46:40Z,2026-04-24T19:46:40Z,59.0,USD,processing_fee,2.13,USD,0.0,USD,amex_card_not_present,,0.031
gid://shopify/Order/7671333814462,#1327,2026-04-24T20:31:47Z,2026-04-24T20:31:46Z,PAID,59.0,USD,gid://shopify/OrderTransaction/9233533731006,CAPTURE,SUCCESS,shopify_payments,2026-04-24T20:31:48Z,2026-04-24T20:31:48Z,59.0,USD,processing_fee,2.55,USD,0.0,USD,paypal_domestic_card_not_present,,0.0349
gid://shopify/Order/7671385260222,#1328,2026-04-24T20:55:33Z,2026-04-24T20:55:31Z,PAID,59.0,USD,gid://shopify/OrderTransaction/9233626628286,CAPTURE,SUCCESS,shopify_payments,2026-04-24T20:55:34Z,2026-04-24T20:55:34Z,59.0,USD,processing_fee,2.55,USD,0.0,USD,paypal_domestic_card_not_present,,0.0349
gid://shopify/Order/7671432609982,#1329,2026-04-24T21:22:05Z,2026-04-24T21:22:03Z,PAID,59.0,USD,gid://shopify/OrderTransaction/9233695080638,CAPTURE,SUCCESS,shopify_payments,2026-04-24T21:22:07Z,2026-04-24T21:22:07Z,59.0,USD,processing_fee,1.78,USD,0.0,USD,domestic_card_not_present,,0.025
gid://shopify/Order/7671480385726,#1330,2026-04-24T21:48:10Z,2026-04-24T21:48:05Z,PAID,59.0,USD,gid://shopify/OrderTransaction/9233760223422,CAPTURE,SUCCESS,shopify_payments,2026-04-24T21:48:11Z,2026-04-24T21:48:11Z,59.0,USD,processing_fee,1.78,USD,0.0,USD,domestic_card_not_present,,0.025
gid://shopify/Order/7671591076030,#1331,2026-04-24T22:57:23Z,2026-04-24T22:57:20Z,PAID,59.0,USD,gid://shopify/OrderTransaction/9233919639742,CAPTURE,SUCCESS,shopify_payments,2026-04-24T22:57:25Z,2026-04-24T22:57:25Z,59.0,USD,processing_fee,2.13,USD,0.0,USD,amex_card_not_present,,0.031
gid://shopify/Order/7671632560318,#1332,2026-04-24T23:25:46Z,2026-04-24T23:25:45Z,PAID,47.2,USD,gid://shopify/OrderTransaction/9233979441342,CAPTURE,SUCCESS,shopify_payments,2026-04-24T23:25:47Z,2026-04-24T23:25:47Z,47.2,USD,processing_fee,2.14,USD,0.0,USD,paypal_domestic_card_not_present,,0.0349
gid://shopify/Order/7671782932670,#1333,2026-04-25T01:13:51Z,2026-04-25T01:13:48Z,PAID,47.2,USD,gid://shopify/OrderTransaction/9234193547454,CAPTURE,SUCCESS,shopify_payments,2026-04-25T01:13:52Z,2026-04-25T01:13:52Z,47.2,USD,processing_fee,1.76,USD,0.0,USD,premium_domestic_card_not_present,,0.031
gid://shopify/Order/7671798792382,#1334,2026-04-25T01:26:04Z,2026-04-25T01:26:01Z,PAID,50.15,USD,gid://shopify/OrderTransaction/9234217271486,CAPTURE,SUCCESS,shopify_payments,2026-04-25T01:26:05Z,2026-04-25T01:26:05Z,50.15,USD,processing_fee,1.55,USD,0.0,USD,domestic_card_not_present,,0.025
gid://shopify/Order/7672068899006,#1335,2026-04-25T02:30:23Z,2026-04-25T02:30:19Z,PAID,50.15,USD,gid://shopify/OrderTransaction/9234324553918,CAPTURE,SUCCESS,shopify_payments,2026-04-25T02:30:24Z,2026-04-25T02:30:24Z,50.15,USD,processing_fee,1.55,USD,0.0,USD,domestic_card_not_present,,0.025
gid://shopify/Order/7672093671614,#1336,2026-04-25T02:50:28Z,2026-04-25T02:50:24Z,PAID,59.0,USD,gid://shopify/OrderTransaction/9234359517374,CAPTURE,SUCCESS,shopify_payments,2026-04-25T02:50:29Z,2026-04-25T02:50:29Z,59.0,USD,processing_fee,1.78,USD,0.0,USD,domestic_card_not_present,,0.025
gid://shopify/Order/7672098422974,#1337,2026-04-25T02:54:23Z,2026-04-25T02:54:19Z,PAID,59.0,USD,gid://shopify/OrderTransaction/9234365415614,CAPTURE,SUCCESS,shopify_payments,2026-04-25T02:54:24Z,2026-04-25T02:54:24Z,59.0,USD,processing_fee,1.78,USD,0.0,USD,domestic_card_not_present,,0.025
gid://shopify/Order/7672209539262,#1339,2026-04-25T04:16:04Z,2026-04-25T04:15:59Z,PAID,59.0,USD,gid://shopify/OrderTransaction/9234513854654,SALE,SUCCESS,shopify_payments,2026-04-25T04:16:00Z,2026-04-25T04:16:00Z,59.0,USD,processing_fee,1.78,USD,0.0,USD,domestic_card_not_present,,0.025
gid://shopify/Order/7672650399934,#1340,2026-04-25T11:45:05Z,2026-04-25T11:45:01Z,PAID,50.15,USD,gid://shopify/OrderTransaction/9235129925822,CAPTURE,SUCCESS,shopify_payments,2026-04-25T11:45:06Z,2026-04-25T11:45:06Z,50.15,USD,processing_fee,1.55,USD,0.0,USD,domestic_card_not_present,,0.025
gid://shopify/Order/7672684052670,#1341,2026-04-25T12:12:02Z,2026-04-25T12:11:59Z,PAID,59.0,USD,gid://shopify/OrderTransaction/9235176489150,CAPTURE,SUCCESS,shopify_payments,2026-04-25T12:12:03Z,2026-04-25T12:12:03Z,59.0,USD,processing_fee,1.78,USD,0.0,USD,domestic_card_not_present,,0.025
gid://shopify/Order/7672703844542,#1342,2026-04-25T12:31:39Z,2026-04-25T12:31:36Z,PAID,59.0,USD,gid://shopify/OrderTransaction/9235205685438,CAPTURE,SUCCESS,shopify_payments,2026-04-25T12:31:41Z,2026-04-25T12:31:41Z,59.0,USD,processing_fee,1.78,USD,0.0,USD,domestic_card_not_present,,0.025
gid://shopify/Order/7672807096510,#1344,2026-04-25T13:55:01Z,2026-04-25T13:54:58Z,PAID,59.0,USD,gid://shopify/OrderTransaction/9235341803710,CAPTURE,SUCCESS,shopify_payments,2026-04-25T13:55:03Z,2026-04-25T13:55:03Z,59.0,USD,processing_fee,2.13,USD,0.0,USD,amex_card_not_present,,0.031
gid://shopify/Order/7672882299070,#1345,2026-04-25T14:43:57Z,2026-04-25T14:43:54Z,PAID,50.15,USD,gid://shopify/OrderTransaction/9235444957374,CAPTURE,SUCCESS,shopify_payments,2026-04-25T14:43:58Z,2026-04-25T14:43:58Z,50.15,USD,processing_fee,1.85,USD,0.0,USD,amex_card_not_present,,0.031
gid://shopify/Order/7672983879870,#1346,2026-04-25T15:39:21Z,2026-04-25T15:39:17Z,PAID,50.15,USD,gid://shopify/OrderTransaction/9235585106110,CAPTURE,SUCCESS,shopify_payments,2026-04-25T15:39:23Z,2026-04-25T15:39:23Z,50.15,USD,processing_fee,1.85,USD,0.0,USD,amex_card_not_present,,0.031
gid://shopify/Order/7673017073854,#1347,2026-04-25T15:57:38Z,2026-04-25T15:57:35Z,PAID,50.15,USD,gid://shopify/OrderTransaction/9235632652478,CAPTURE,SUCCESS,shopify_payments,2026-04-25T15:57:39Z,2026-04-25T15:57:39Z,50.15,USD,processing_fee,1.85,USD,0.0,USD,amex_card_not_present,,0.031
gid://shopify/Order/7673046794430,#1348,2026-04-25T16:12:26Z,2026-04-25T16:12:22Z,PAID,59.0,USD,gid://shopify/OrderTransaction/9235673776318,CAPTURE,SUCCESS,shopify_payments,2026-04-25T16:12:28Z,2026-04-25T16:12:28Z,59.0,USD,processing_fee,2.13,USD,0.0,USD,amex_card_not_present,,0.031
gid://shopify/Order/7673248415934,#1350,2026-04-25T17:45:15Z,2026-04-25T17:45:12Z,PAID,59.0,USD,gid://shopify/OrderTransaction/9235931627710,CAPTURE,SUCCESS,shopify_payments,2026-04-25T17:45:16Z,2026-04-25T17:45:16Z,59.0,USD,processing_fee,1.78,USD,0.0,USD,domestic_card_not_present,,0.025
gid://shopify/Order/7673297797310,#1351,2026-04-25T18:11:02Z,2026-04-25T18:10:58Z,PAID,170.2,USD,gid://shopify/OrderTransaction/9235999981758,CAPTURE,SUCCESS,shopify_payments,2026-04-25T18:11:03Z,2026-04-25T18:11:03Z,147.0,USD,processing_fee,3.98,USD,0.0,USD,domestic_card_not_present,,0.025
gid://shopify/Order/7673297797310,#1351,2026-04-25T18:11:02Z,2026-04-25T18:10:58Z,PAID,170.2,USD,gid://shopify/OrderTransaction/9236000637118,SALE,SUCCESS,shopify_payments,2026-04-25T18:11:20Z,2026-04-25T18:11:20Z,23.2,USD,processing_fee,0.88,USD,0.0,USD,domestic_card_not_present,,0.025
gid://shopify/Order/7673309003966,#1352,2026-04-25T18:16:39Z,2026-04-25T18:16:36Z,PAID,110.0,USD,gid://shopify/OrderTransaction/9236016660670,CAPTURE,SUCCESS,shopify_payments,2026-04-25T18:16:40Z,2026-04-25T18:16:40Z,110.0,USD,processing_fee,3.05,USD,0.0,USD,domestic_card_not_present,,0.025
gid://shopify/Order/7673335054526,#1353,2026-04-25T18:29:50Z,2026-04-25T18:29:49Z,PAID,50.15,USD,gid://shopify/OrderTransaction/9236051296446,CAPTURE,SUCCESS,shopify_payments,2026-04-25T18:29:51Z,2026-04-25T18:29:51Z,50.15,USD,processing_fee,2.24,USD,0.0,USD,paypal_domestic_card_not_present,,0.0349
gid://shopify/Order/7673541591230,#1354,2026-04-25T20:17:08Z,2026-04-25T20:17:04Z,PAID,59.0,USD,gid://shopify/OrderTransaction/9236349124798,CAPTURE,SUCCESS,shopify_payments,2026-04-25T20:17:10Z,2026-04-25T20:17:10Z,59.0,USD,processing_fee,2.13,USD,0.0,USD,premium_domestic_card_not_present,,0.031
gid://shopify/Order/7673732726974,#1356,2026-04-25T22:11:00Z,2026-04-25T22:10:58Z,PAID,59.0,USD,gid://shopify/OrderTransaction/9236625686718,SALE,SUCCESS,shopify_payments,2026-04-25T22:10:55Z,2026-04-25T22:10:55Z,59.0,USD,processing_fee,2.55,USD,0.0,USD,paypal_domestic_card_not_present,,0.0349
gid://shopify/Order/7673745572030,#1357,2026-04-25T22:21:39Z,2026-04-25T22:21:35Z,PAID,50.15,USD,gid://shopify/OrderTransaction/9236643512510,CAPTURE,SUCCESS,shopify_payments,2026-04-25T22:21:40Z,2026-04-25T22:21:40Z,50.15,USD,processing_fee,1.55,USD,0.0,USD,domestic_card_not_present,,0.025
gid://shopify/Order/7673790267582,#1358,2026-04-25T22:53:54Z,2026-04-25T22:53:52Z,PAID,59.0,USD,gid://shopify/OrderTransaction/9236702232766,CAPTURE,SUCCESS,shopify_payments,2026-04-25T22:53:56Z,2026-04-25T22:53:56Z,59.0,USD,processing_fee,1.78,USD,0.0,USD,domestic_card_not_present,,0.025
gid://shopify/Order/7673794429118,#1359,2026-04-25T22:57:19Z,2026-04-25T22:57:14Z,PAID,50.15,USD,gid://shopify/OrderTransaction/9236707180734,SALE,SUCCESS,shopify_payments,2026-04-25T22:57:15Z,2026-04-25T22:57:15Z,50.15,USD,processing_fee,1.55,USD,0.0,USD,domestic_card_not_present,,0.025
gid://shopify/Order/7673860620478,#1361,2026-04-25T23:46:53Z,2026-04-25T23:46:50Z,PAID,88.0,USD,gid://shopify/OrderTransaction/9236797161662,CAPTURE,SUCCESS,shopify_payments,2026-04-25T23:46:55Z,2026-04-25T23:46:55Z,88.0,USD,processing_fee,2.5,USD,0.0,USD,domestic_card_not_present,,0.025
gid://shopify/Order/7674247610558,#1362,2026-04-26T04:36:22Z,2026-04-26T04:36:18Z,PAID,50.15,USD,gid://shopify/OrderTransaction/9237309456574,CAPTURE,SUCCESS,shopify_payments,2026-04-26T04:36:23Z,2026-04-26T04:36:23Z,50.15,USD,processing_fee,1.55,USD,0.0,USD,domestic_card_not_present,,0.025
gid://shopify/Order/7674437107902,#1363,2026-04-26T07:18:20Z,2026-04-26T07:18:19Z,PAID,88.0,USD,gid://shopify/OrderTransaction/9237568028862,CAPTURE,SUCCESS,shopify_payments,2026-04-26T07:18:21Z,2026-04-26T07:18:21Z,88.0,USD,processing_fee,3.56,USD,0.0,USD,paypal_domestic_card_not_present,,0.0349
gid://shopify/Order/7674704363710,#1365,2026-04-26T12:20:37Z,2026-04-26T12:20:33Z,PAID,59.0,USD,gid://shopify/OrderTransaction/9237935194302,CAPTURE,SUCCESS,shopify_payments,2026-04-26T12:20:38Z,2026-04-26T12:20:38Z,59.0,USD,processing_fee,1.78,USD,0.0,USD,domestic_card_not_present,,0.025
gid://shopify/Order/7674708983998,#1366,2026-04-26T12:24:52Z,2026-04-26T12:24:47Z,PAID,50.15,USD,gid://shopify/OrderTransaction/9237940797630,CAPTURE,SUCCESS,shopify_payments,2026-04-26T12:24:53Z,2026-04-26T12:24:53Z,50.15,USD,processing_fee,1.55,USD,0.0,USD,domestic_card_not_present,,0.025
gid://shopify/Order/7674871611582,#1367,2026-04-26T14:36:53Z,2026-04-26T14:36:52Z,PAID,59.0,USD,gid://shopify/OrderTransaction/9238162997438,CAPTURE,SUCCESS,shopify_payments,2026-04-26T14:36:54Z,2026-04-26T14:36:54Z,59.0,USD,processing_fee,2.55,USD,0.0,USD,paypal_domestic_card_not_present,,0.0349
gid://shopify/Order/7674880393406,#1368,2026-04-26T14:42:38Z,2026-04-26T14:42:37Z,PAID,59.0,USD,gid://shopify/OrderTransaction/9238174171326,CAPTURE,SUCCESS,shopify_payments,2026-04-26T14:42:38Z,2026-04-26T14:42:38Z,59.0,USD,processing_fee,2.55,USD,0.0,USD,paypal_domestic_card_not_present,,0.0349
gid://shopify/Order/7674968735934,#1369,2026-04-26T15:37:31Z,2026-04-26T15:37:29Z,PAID,59.0,USD,gid://shopify/OrderTransaction/9238293512382,CAPTURE,SUCCESS,shopify_payments,2026-04-26T15:37:32Z,2026-04-26T15:37:32Z,59.0,USD,processing_fee,2.55,USD,0.0,USD,paypal_domestic_card_not_present,,0.0349
gid://shopify/Order/7675070808254,#1371,2026-04-26T16:34:13Z,2026-04-26T16:34:09Z,PAID,110.0,USD,gid://shopify/OrderTransaction/9238428418238,SALE,SUCCESS,shopify_payments,2026-04-26T16:34:10Z,2026-04-26T16:34:10Z,110.0,USD,processing_fee,3.05,USD,0.0,USD,domestic_card_not_present,,0.025
gid://shopify/Order/7675272626366,#1372,2026-04-26T18:18:09Z,2026-04-26T18:18:08Z,PAID,47.2,USD,gid://shopify/OrderTransaction/9238699376830,CAPTURE,SUCCESS,shopify_payments,2026-04-26T18:18:10Z,2026-04-26T18:18:10Z,47.2,USD,processing_fee,2.14,USD,0.0,USD,paypal_domestic_card_not_present,,0.0349
gid://shopify/Order/7675298250942,#1373,2026-04-26T18:32:20Z,2026-04-26T18:32:15Z,PAID,50.15,USD,gid://shopify/OrderTransaction/9238734504126,CAPTURE,SUCCESS,shopify_payments,2026-04-26T18:32:21Z,2026-04-26T18:32:21Z,50.15,USD,processing_fee,1.55,USD,0.0,USD,domestic_card_not_present,,0.025
gid://shopify/Order/7675536015550,#1374,2026-04-26T20:38:33Z,2026-04-26T20:38:30Z,PAID,50.15,USD,gid://shopify/OrderTransaction/9239067132094,CAPTURE,SUCCESS,shopify_payments,2026-04-26T20:38:34Z,2026-04-26T20:38:34Z,50.15,USD,processing_fee,1.55,USD,0.0,USD,domestic_card_not_present,,0.025
gid://shopify/Order/7675552694462,#1375,2026-04-26T20:48:50Z,2026-04-26T20:48:47Z,PAID,106.2,USD,gid://shopify/OrderTransaction/9239092035774,CAPTURE,SUCCESS,shopify_payments,2026-04-26T20:48:52Z,2026-04-26T20:48:52Z,59.0,USD,processing_fee,1.78,USD,0.0,USD,domestic_card_not_present,,0.025
gid://shopify/Order/7675552694462,#1375,2026-04-26T20:48:50Z,2026-04-26T20:48:47Z,PAID,106.2,USD,gid://shopify/OrderTransaction/9239093739710,SALE,SUCCESS,shopify_payments,2026-04-26T20:49:10Z,2026-04-26T20:49:10Z,47.2,USD,processing_fee,1.48,USD,0.0,USD,domestic_card_not_present,,0.025
gid://shopify/Order/7675559149758,#1376,2026-04-26T20:52:40Z,2026-04-26T20:52:34Z,PAID,50.15,USD,gid://shopify/OrderTransaction/9239104487614,CAPTURE,SUCCESS,shopify_payments,2026-04-26T20:52:41Z,2026-04-26T20:52:41Z,50.15,USD,processing_fee,1.55,USD,0.0,USD,domestic_card_not_present,,0.025
gid://shopify/Order/7675697758398,#1378,2026-04-26T22:17:13Z,2026-04-26T22:17:10Z,PAID,50.15,USD,gid://shopify/OrderTransaction/9239302537406,CAPTURE,SUCCESS,shopify_payments,2026-04-26T22:17:14Z,2026-04-26T22:17:14Z,50.15,USD,processing_fee,1.55,USD,0.0,USD,domestic_card_not_present,,0.025
gid://shopify/Order/7675700478142,#1379,2026-04-26T22:19:16Z,2026-04-26T22:19:13Z,PAID,50.15,USD,gid://shopify/OrderTransaction/9239306076350,CAPTURE,SUCCESS,shopify_payments,2026-04-26T22:19:17Z,2026-04-26T22:19:17Z,50.15,USD,processing_fee,1.85,USD,0.0,USD,amex_card_not_present,,0.031
gid://shopify/Order/7675998044350,#1381,2026-04-27T01:52:03Z,2026-04-27T01:52:02Z,PAID,106.2,USD,gid://shopify/OrderTransaction/9239707418814,CAPTURE,SUCCESS,shopify_payments,2026-04-27T01:52:04Z,2026-04-27T01:52:04Z,59.0,USD,processing_fee,2.55,USD,0.0,USD,paypal_domestic_card_not_present,,0.0349
gid://shopify/Order/7675998044350,#1381,2026-04-27T01:52:03Z,2026-04-27T01:52:02Z,PAID,106.2,USD,gid://shopify/OrderTransaction/9239708303550,SALE,SUCCESS,shopify_payments,2026-04-27T01:52:18Z,2026-04-27T01:52:18Z,47.2,USD,processing_fee,2.14,USD,0.0,USD,paypal_domestic_card_not_present,,0.0349
gid://shopify/Order/7676009742526,#1382,2026-04-27T02:00:26Z,2026-04-27T02:00:25Z,PAID,59.0,USD,gid://shopify/OrderTransaction/9239722623166,CAPTURE,SUCCESS,shopify_payments,2026-04-27T02:00:27Z,2026-04-27T02:00:27Z,59.0,USD,processing_fee,2.55,USD,0.0,USD,paypal_domestic_card_not_present,,0.0349
gid://shopify/Order/7676175089854,#1384,2026-04-27T04:07:09Z,2026-04-27T04:07:07Z,PAID,59.0,USD,gid://shopify/OrderTransaction/9239944528062,CAPTURE,SUCCESS,shopify_payments,2026-04-27T04:07:10Z,2026-04-27T04:07:10Z,59.0,USD,processing_fee,2.55,USD,0.0,USD,paypal_domestic_card_not_present,,0.0349
gid://shopify/Order/7676241019070,#1385,2026-04-27T04:49:52Z,2026-04-27T04:49:47Z,PAID,88.0,USD,gid://shopify/OrderTransaction/9240028774590,CAPTURE,SUCCESS,shopify_payments,2026-04-27T04:49:53Z,2026-04-27T04:49:53Z,88.0,USD,processing_fee,2.5,USD,0.0,USD,domestic_card_not_present,,0.025
gid://shopify/Order/7676424487102,#1386,2026-04-27T07:37:56Z,2026-04-27T07:37:53Z,PAID,59.0,USD,gid://shopify/OrderTransaction/9240279580862,CAPTURE,SUCCESS,shopify_payments,2026-04-27T07:37:59Z,2026-04-27T07:37:59Z,59.0,USD,processing_fee,1.78,USD,0.0,USD,domestic_card_not_present,,0.025
gid://shopify/Order/7676946022590,#1387,2026-04-27T11:41:45Z,2026-04-27T11:41:42Z,PAID,47.2,USD,gid://shopify/OrderTransaction/9240621613246,CAPTURE,SUCCESS,shopify_payments,2026-04-27T11:41:47Z,2026-04-27T11:41:47Z,47.2,USD,processing_fee,1.48,USD,0.0,USD,domestic_card_not_present,,0.025
gid://shopify/Order/7677041377470,#1388,2026-04-27T12:28:36Z,2026-04-27T12:28:35Z,PAID,147.0,USD,gid://shopify/OrderTransaction/9240696258750,CAPTURE,SUCCESS,shopify_payments,2026-04-27T12:28:36Z,2026-04-27T12:28:36Z,147.0,USD,processing_fee,5.62,USD,0.0,USD,paypal_domestic_card_not_present,,0.0349
gid://shopify/Order/7677069394110,#1389,2026-04-27T12:40:05Z,2026-04-27T12:40:03Z,PAID,50.15,USD,gid://shopify/OrderTransaction/9240717525182,CAPTURE,SUCCESS,shopify_payments,2026-04-27T12:40:07Z,2026-04-27T12:40:07Z,50.15,USD,processing_fee,1.55,USD,0.0,USD,domestic_card_not_present,,0.025
gid://shopify/Order/7677406249150,#1390,2026-04-27T14:49:06Z,2026-04-27T14:49:03Z,PAID,59.0,USD,gid://shopify/OrderTransaction/9241006866622,CAPTURE,SUCCESS,shopify_payments,2026-04-27T14:49:08Z,2026-04-27T14:49:08Z,59.0,USD,processing_fee,2.13,USD,0.0,USD,amex_card_not_present,,0.031
gid://shopify/Order/7677479026878,#1391,2026-04-27T15:12:11Z,2026-04-27T15:12:10Z,PAID,50.15,USD,gid://shopify/OrderTransaction/9241078661310,CAPTURE,SUCCESS,shopify_payments,2026-04-27T15:12:12Z,2026-04-27T15:12:12Z,50.15,USD,processing_fee,2.24,USD,0.0,USD,paypal_domestic_card_not_present,,0.0349
gid://shopify/Order/7677559931070,#1392,2026-04-27T15:38:25Z,2026-04-27T15:38:21Z,PAID,50.15,USD,gid://shopify/OrderTransaction/9241155076286,CAPTURE,SUCCESS,shopify_payments,2026-04-27T15:38:26Z,2026-04-27T15:38:26Z,50.15,USD,processing_fee,1.55,USD,0.0,USD,domestic_card_not_present,,0.025
gid://shopify/Order/7678287085758,#1393,2026-04-27T18:49:49Z,2026-04-27T18:49:46Z,PAID,59.0,USD,gid://shopify/OrderTransaction/9241839567038,CAPTURE,SUCCESS,shopify_payments,2026-04-27T18:49:50Z,2026-04-27T18:49:50Z,59.0,USD,processing_fee,2.13,USD,0.0,USD,amex_card_not_present,,0.031
gid://shopify/Order/7678329356478,#1394,2026-04-27T19:02:40Z,2026-04-27T19:02:36Z,PAID,50.15,USD,gid://shopify/OrderTransaction/9241876299966,CAPTURE,SUCCESS,shopify_payments,2026-04-27T19:02:41Z,2026-04-27T19:02:41Z,50.15,USD,processing_fee,1.55,USD,0.0,USD,domestic_card_not_present,,0.025
gid://shopify/Order/7678520164542,#1395,2026-04-27T20:07:33Z,2026-04-27T20:07:29Z,PAID,59.0,USD,gid://shopify/OrderTransaction/9242073104574,CAPTURE,SUCCESS,shopify_payments,2026-04-27T20:07:34Z,2026-04-27T20:07:34Z,59.0,USD,processing_fee,2.13,USD,0.0,USD,amex_card_not_present,,0.031
gid://shopify/Order/7678524063934,#1396,2026-04-27T20:09:00Z,2026-04-27T20:08:56Z,PAID,59.0,USD,gid://shopify/OrderTransaction/9242077790398,CAPTURE,SUCCESS,shopify_payments,2026-04-27T20:09:01Z,2026-04-27T20:09:01Z,59.0,USD,processing_fee,1.78,USD,0.0,USD,domestic_card_not_present,,0.025
gid://shopify/Order/7678673879230,#1397,2026-04-27T21:30:03Z,2026-04-27T21:30:00Z,PAID,82.2,USD,gid://shopify/OrderTransaction/9242300514494,CAPTURE,SUCCESS,shopify_payments,2026-04-27T21:30:06Z,2026-04-27T21:30:06Z,59.0,USD,processing_fee,1.78,USD,0.0,USD,domestic_card_not_present,,0.025
gid://shopify/Order/7678673879230,#1397,2026-04-27T21:30:03Z,2026-04-27T21:30:00Z,PAID,82.2,USD,gid://shopify/OrderTransaction/9242301497534,SALE,SUCCESS,shopify_payments,2026-04-27T21:30:34Z,2026-04-27T21:30:34Z,23.2,USD,processing_fee,0.88,USD,0.0,USD,domestic_card_not_present,,0.025
gid://shopify/Order/7678797840574,#1398,2026-04-27T22:46:18Z,2026-04-27T22:46:15Z,PAID,59.0,USD,gid://shopify/OrderTransaction/9242474184894,CAPTURE,SUCCESS,shopify_payments,2026-04-27T22:46:19Z,2026-04-27T22:46:19Z,59.0,USD,processing_fee,1.78,USD,0.0,USD,domestic_card_not_present,,0.025
gid://shopify/Order/7678925603006,#1399,2026-04-28T00:09:00Z,2026-04-28T00:08:56Z,REFUNDED,59.0,USD,gid://shopify/OrderTransaction/9242646937790,CAPTURE,SUCCESS,shopify_payments,2026-04-28T00:09:01Z,2026-04-28T00:09:01Z,59.0,USD,processing_fee,2.13,USD,0.0,USD,amex_card_not_present,,0.031
gid://shopify/Order/7679074631870,#1400,2026-04-28T01:50:16Z,2026-04-28T01:50:12Z,PAID,59.0,USD,gid://shopify/OrderTransaction/9242856227006,CAPTURE,SUCCESS,shopify_payments,2026-04-28T01:50:17Z,2026-04-28T01:50:17Z,59.0,USD,processing_fee,1.78,USD,0.0,USD,domestic_card_not_present,,0.025
gid://shopify/Order/7679157567678,#1401,2026-04-28T02:50:46Z,2026-04-28T02:50:42Z,PAID,47.2,USD,gid://shopify/OrderTransaction/9242982023358,CAPTURE,SUCCESS,shopify_payments,2026-04-28T02:50:47Z,2026-04-28T02:50:47Z,47.2,USD,processing_fee,1.48,USD,0.0,USD,domestic_card_not_present,,0.025
gid://shopify/Order/7679196332222,#1402,2026-04-28T03:18:14Z,2026-04-28T03:18:13Z,PAID,59.0,USD,gid://shopify/OrderTransaction/9243035599038,CAPTURE,SUCCESS,shopify_payments,2026-04-28T03:18:15Z,2026-04-28T03:18:15Z,59.0,USD,processing_fee,2.55,USD,0.0,USD,paypal_domestic_card_not_present,,0.0349
gid://shopify/Order/7679275860158,#1403,2026-04-28T04:16:26Z,2026-04-28T04:16:23Z,PAID,50.15,USD,gid://shopify/OrderTransaction/9243137704126,CAPTURE,SUCCESS,shopify_payments,2026-04-28T04:16:28Z,2026-04-28T04:16:28Z,50.15,USD,processing_fee,1.55,USD,0.0,USD,domestic_card_not_present,,0.025
gid://shopify/Order/7679517982910,#1405,2026-04-28T07:14:05Z,2026-04-28T07:14:04Z,PAID,47.2,USD,gid://shopify/OrderTransaction/9243458109630,CAPTURE,SUCCESS,shopify_payments,2026-04-28T07:14:05Z,2026-04-28T07:14:05Z,47.2,USD,processing_fee,2.14,USD,0.0,USD,paypal_domestic_card_not_present,,0.0349
gid://shopify/Order/7679715475646,#1406,2026-04-28T10:45:15Z,2026-04-28T10:45:12Z,PAID,59.0,USD,gid://shopify/OrderTransaction/9243740405950,CAPTURE,SUCCESS,shopify_payments,2026-04-28T10:45:17Z,2026-04-28T10:45:17Z,59.0,USD,processing_fee,1.78,USD,0.0,USD,domestic_card_not_present,,0.025
gid://shopify/Order/7679724224702,#1407,2026-04-28T10:55:14Z,2026-04-28T10:55:11Z,PAID,106.2,USD,gid://shopify/OrderTransaction/9243753316542,CAPTURE,SUCCESS,shopify_payments,2026-04-28T10:55:15Z,2026-04-28T10:55:15Z,59.0,USD,processing_fee,1.78,USD,0.0,USD,domestic_card_not_present,,0.025
gid://shopify/Order/7679724224702,#1407,2026-04-28T10:55:14Z,2026-04-28T10:55:11Z,PAID,106.2,USD,gid://shopify/OrderTransaction/9243754594494,SALE,SUCCESS,shopify_payments,2026-04-28T10:55:52Z,2026-04-28T10:55:52Z,47.2,USD,processing_fee,1.48,USD,0.0,USD,domestic_card_not_present,,0.025
gid://shopify/Order/7679754961086,#1408,2026-04-28T11:27:42Z,2026-04-28T11:27:38Z,PAID,59.0,USD,gid://shopify/OrderTransaction/9243796734142,CAPTURE,SUCCESS,shopify_payments,2026-04-28T11:27:44Z,2026-04-28T11:27:44Z,59.0,USD,processing_fee,2.13,USD,0.0,USD,amex_card_not_present,,0.031
gid://shopify/Order/7679808503998,#1409,2026-04-28T12:10:10Z,2026-04-28T12:10:07Z,PAID,59.0,USD,gid://shopify/OrderTransaction/9243865710782,CAPTURE,SUCCESS,shopify_payments,2026-04-28T12:10:11Z,2026-04-28T12:10:11Z,59.0,USD,processing_fee,1.78,USD,0.0,USD,domestic_card_not_present,,0.025
gid://shopify/Order/7679900647614,#1410,2026-04-28T13:09:57Z,2026-04-28T13:09:53Z,PAID,59.0,USD,gid://shopify/OrderTransaction/9243983872190,CAPTURE,SUCCESS,shopify_payments,2026-04-28T13:09:58Z,2026-04-28T13:09:58Z,59.0,USD,processing_fee,1.78,USD,0.0,USD,domestic_card_not_present,,0.025
gid://shopify/Order/7679969493182,#1411,2026-04-28T13:47:48Z,2026-04-28T13:47:43Z,PAID,88.0,USD,gid://shopify/OrderTransaction/9244071198910,CAPTURE,SUCCESS,shopify_payments,2026-04-28T13:47:50Z,2026-04-28T13:47:50Z,88.0,USD,processing_fee,2.5,USD,0.0,USD,domestic_card_not_present,,0.025
gid://shopify/Order/7680014713022,#1412,2026-04-28T14:13:07Z,2026-04-28T14:13:02Z,PAID,64.9,USD,gid://shopify/OrderTransaction/9244128280766,SALE,SUCCESS,shopify_payments,2026-04-28T14:13:03Z,2026-04-28T14:13:03Z,64.9,USD,processing_fee,2.31,USD,0.0,USD,premium_domestic_card_not_present,,0.031
gid://shopify/Order/7680050659518,#1413,2026-04-28T14:33:00Z,2026-04-28T14:32:56Z,PAID,59.0,USD,gid://shopify/OrderTransaction/9244174745790,CAPTURE,SUCCESS,shopify_payments,2026-04-28T14:33:02Z,2026-04-28T14:33:02Z,59.0,USD,processing_fee,1.78,USD,0.0,USD,domestic_card_not_present,,0.025
gid://shopify/Order/7680144703678,#1416,2026-04-28T15:18:57Z,2026-04-28T15:18:53Z,PAID,147.0,USD,gid://shopify/OrderTransaction/9244295135422,CAPTURE,SUCCESS,shopify_payments,2026-04-28T15:18:58Z,2026-04-28T15:18:58Z,147.0,USD,processing_fee,4.86,USD,0.0,USD,amex_card_not_present,,0.031
gid://shopify/Order/7680297009342,#1417,2026-04-28T16:18:39Z,2026-04-28T16:18:34Z,PAID,61.5,USD,gid://shopify/OrderTransaction/9244479684798,SALE,SUCCESS,shopify_payments,2026-04-28T16:18:34Z,2026-04-28T16:18:34Z,61.5,USD,processing_fee,1.84,USD,0.0,USD,domestic_card_not_present,,0.025
gid://shopify/Order/7680346783934,#1418,2026-04-28T16:35:27Z,2026-04-28T16:35:24Z,PAID,106.2,USD,gid://shopify/OrderTransaction/9244539912382,CAPTURE,SUCCESS,shopify_payments,2026-04-28T16:35:29Z,2026-04-28T16:35:29Z,59.0,USD,processing_fee,1.78,USD,0.0,USD,domestic_card_not_present,,0.025
gid://shopify/Order/7680346783934,#1418,2026-04-28T16:35:27Z,2026-04-28T16:35:24Z,PAID,106.2,USD,gid://shopify/OrderTransaction/9244540764350,SALE,SUCCESS,shopify_payments,2026-04-28T16:35:47Z,2026-04-28T16:35:47Z,47.2,USD,processing_fee,1.48,USD,0.0,USD,domestic_card_not_present,,0.025
gid://shopify/Order/7680356090046,#1419,2026-04-28T16:38:23Z,2026-04-28T16:38:19Z,PAID,50.15,USD,gid://shopify/OrderTransaction/9244550561982,CAPTURE,SUCCESS,shopify_payments,2026-04-28T16:38:24Z,2026-04-28T16:38:24Z,50.15,USD,processing_fee,1.55,USD,0.0,USD,domestic_card_not_present,,0.025
gid://shopify/Order/7680399704254,#1420,2026-04-28T16:53:26Z,2026-04-28T16:53:23Z,PAID,59.0,USD,gid://shopify/OrderTransaction/9244605874366,CAPTURE,SUCCESS,shopify_payments,2026-04-28T16:53:27Z,2026-04-28T16:53:27Z,59.0,USD,processing_fee,1.78,USD,0.0,USD,domestic_card_not_present,,0.025
gid://shopify/Order/7680519504062,#1421,2026-04-28T17:29:24Z,2026-04-28T17:29:21Z,PAID,106.2,USD,gid://shopify/OrderTransaction/9244748579006,CAPTURE,SUCCESS,shopify_payments,2026-04-28T17:29:26Z,2026-04-28T17:29:26Z,59.0,USD,processing_fee,1.78,USD,0.0,USD,domestic_card_not_present,,0.025
gid://shopify/Order/7680519504062,#1421,2026-04-28T17:29:24Z,2026-04-28T17:29:21Z,PAID,106.2,USD,gid://shopify/OrderTransaction/9244750053566,SALE,SUCCESS,shopify_payments,2026-04-28T17:29:50Z,2026-04-28T17:29:50Z,47.2,USD,processing_fee,1.48,USD,0.0,USD,domestic_card_not_present,,0.025
gid://shopify/Order/7680537657534,#1422,2026-04-28T17:35:41Z,2026-04-28T17:35:37Z,PAID,59.0,USD,gid://shopify/OrderTransaction/9244770435262,CAPTURE,SUCCESS,shopify_payments,2026-04-28T17:35:42Z,2026-04-28T17:35:42Z,59.0,USD,processing_fee,1.78,USD,0.0,USD,domestic_card_not_present,,0.025
gid://shopify/Order/7680750813374,#1423,2026-04-28T19:00:24Z,2026-04-28T19:00:20Z,PAID,59.0,USD,gid://shopify/OrderTransaction/9245040607422,CAPTURE,SUCCESS,shopify_payments,2026-04-28T19:00:25Z,2026-04-28T19:00:25Z,59.0,USD,processing_fee,2.13,USD,0.0,USD,amex_card_not_present,,0.031
gid://shopify/Order/7680785449150,#1424,2026-04-28T19:16:44Z,2026-04-28T19:16:41Z,PAID,59.0,USD,gid://shopify/OrderTransaction/9245087858878,CAPTURE,SUCCESS,shopify_payments,2026-04-28T19:16:45Z,2026-04-28T19:16:45Z,59.0,USD,processing_fee,1.78,USD,0.0,USD,domestic_card_not_present,,0.025
gid://shopify/Order/7680839975102,#1425,2026-04-28T19:41:35Z,2026-04-28T19:41:32Z,PAID,59.0,USD,gid://shopify/OrderTransaction/9245160276158,CAPTURE,SUCCESS,shopify_payments,2026-04-28T19:41:36Z,2026-04-28T19:41:36Z,59.0,USD,processing_fee,1.78,USD,0.0,USD,domestic_card_not_present,,0.025
gid://shopify/Order/7680843612350,#1426,2026-04-28T19:42:55Z,2026-04-28T19:42:48Z,PAID,50.15,USD,gid://shopify/OrderTransaction/9245164470462,CAPTURE,SUCCESS,shopify_payments,2026-04-28T19:42:56Z,2026-04-28T19:42:56Z,50.15,USD,processing_fee,1.55,USD,0.0,USD,domestic_card_not_present,,0.025
gid://shopify/Order/7680952303806,#1427,2026-04-28T20:35:42Z,2026-04-28T20:35:38Z,PAID,70.4,USD,gid://shopify/OrderTransaction/9245317660862,CAPTURE,SUCCESS,shopify_payments,2026-04-28T20:35:43Z,2026-04-28T20:35:43Z,70.4,USD,processing_fee,2.06,USD,0.0,USD,domestic_card_not_present,,0.025
gid://shopify/Order/7681209958590,#1428,2026-04-28T23:04:17Z,2026-04-28T23:04:12Z,PAID,172.7,USD,gid://shopify/OrderTransaction/9245659660478,SALE,SUCCESS,shopify_payments,2026-04-28T23:04:12Z,2026-04-28T23:04:12Z,149.5,USD,processing_fee,4.93,USD,0.0,USD,amex_card_not_present,,0.031
gid://shopify/Order/7681209958590,#1428,2026-04-28T23:04:17Z,2026-04-28T23:04:12Z,PAID,172.7,USD,gid://shopify/OrderTransaction/9245661167806,SALE,SUCCESS,shopify_payments,2026-04-28T23:04:46Z,2026-04-28T23:04:46Z,23.2,USD,processing_fee,1.02,USD,0.0,USD,amex_card_not_present,,0.031
gid://shopify/Order/7681305477310,#1429,2026-04-28T23:58:16Z,2026-04-28T23:58:14Z,PAID,59.0,USD,gid://shopify/OrderTransaction/9245786046654,CAPTURE,SUCCESS,shopify_payments,2026-04-28T23:58:18Z,2026-04-28T23:58:18Z,59.0,USD,processing_fee,1.78,USD,0.0,USD,domestic_card_not_present,,0.025
gid://shopify/Order/7681475150014,#1430,2026-04-29T01:50:18Z,2026-04-29T01:50:14Z,PAID,50.15,USD,gid://shopify/OrderTransaction/9246014636222,SALE,SUCCESS,shopify_payments,2026-04-29T01:50:14Z,2026-04-29T01:50:14Z,50.15,USD,processing_fee,1.55,USD,0.0,USD,domestic_card_not_present,,0.025
gid://shopify/Order/7681518698686,#1431,2026-04-29T02:19:36Z,2026-04-29T02:19:33Z,PAID,59.0,USD,gid://shopify/OrderTransaction/9246074372286,CAPTURE,SUCCESS,shopify_payments,2026-04-29T02:19:37Z,2026-04-29T02:19:37Z,59.0,USD,processing_fee,2.13,USD,0.0,USD,amex_card_not_present,,0.031
gid://shopify/Order/7681563656382,#1432,2026-04-29T02:52:59Z,2026-04-29T02:52:58Z,PAID,59.0,USD,gid://shopify/OrderTransaction/9246139744446,CAPTURE,SUCCESS,shopify_payments,2026-04-29T02:53:00Z,2026-04-29T02:53:00Z,59.0,USD,processing_fee,2.55,USD,0.0,USD,paypal_domestic_card_not_present,,0.0349
gid://shopify/Order/7683469017278,#1433,2026-04-29T06:17:53Z,2026-04-29T06:17:49Z,PAID,106.2,USD,gid://shopify/OrderTransaction/9248177750206,CAPTURE,SUCCESS,shopify_payments,2026-04-29T06:17:54Z,2026-04-29T06:17:54Z,59.0,USD,processing_fee,1.78,USD,0.0,USD,domestic_card_not_present,,0.025
gid://shopify/Order/7683469017278,#1433,2026-04-29T06:17:53Z,2026-04-29T06:17:49Z,PAID,106.2,USD,gid://shopify/OrderTransaction/9248178831550,SALE,SUCCESS,shopify_payments,2026-04-29T06:18:22Z,2026-04-29T06:18:22Z,47.2,USD,processing_fee,1.48,USD,0.0,USD,domestic_card_not_present,,0.025
gid://shopify/Order/7683797024958,#1434,2026-04-29T12:15:52Z,2026-04-29T12:15:45Z,PAID,50.15,USD,gid://shopify/OrderTransaction/9248643907774,SALE,SUCCESS,shopify_payments,2026-04-29T12:15:46Z,2026-04-29T12:15:46Z,50.15,USD,processing_fee,1.85,USD,0.0,USD,amex_card_not_present,,0.031
gid://shopify/Order/7683878912190,#1435,2026-04-29T13:08:03Z,2026-04-29T13:07:59Z,PAID,59.0,USD,gid://shopify/OrderTransaction/9248742834366,CAPTURE,SUCCESS,shopify_payments,2026-04-29T13:08:04Z,2026-04-29T13:08:04Z,59.0,USD,processing_fee,1.78,USD,0.0,USD,domestic_card_not_present,,0.025
gid://shopify/Order/7684082827454,#1436,2026-04-29T15:02:16Z,2026-04-29T15:02:12Z,PAID,59.0,USD,gid://shopify/OrderTransaction/9248999211198,CAPTURE,SUCCESS,shopify_payments,2026-04-29T15:02:17Z,2026-04-29T15:02:17Z,59.0,USD,processing_fee,1.78,USD,0.0,USD,domestic_card_not_present,,0.025
gid://shopify/Order/7684363157694,#1437,2026-04-29T16:34:45Z,2026-04-29T16:34:42Z,PAID,59.0,USD,gid://shopify/OrderTransaction/9249288814782,CAPTURE,SUCCESS,shopify_payments,2026-04-29T16:34:46Z,2026-04-29T16:34:46Z,59.0,USD,processing_fee,2.13,USD,0.0,USD,amex_card_not_present,,0.031
gid://shopify/Order/7684545151166,#1438,2026-04-29T17:21:18Z,2026-04-29T17:21:14Z,PAID,170.2,USD,gid://shopify/OrderTransaction/9249460355262,CAPTURE,SUCCESS,shopify_payments,2026-04-29T17:21:19Z,2026-04-29T17:21:19Z,147.0,USD,processing_fee,3.98,USD,0.0,USD,domestic_card_not_present,,0.025
gid://shopify/Order/7684545151166,#1438,2026-04-29T17:21:18Z,2026-04-29T17:21:14Z,PAID,170.2,USD,gid://shopify/OrderTransaction/9249461665982,SALE,SUCCESS,shopify_payments,2026-04-29T17:21:55Z,2026-04-29T17:21:55Z,23.2,USD,processing_fee,0.88,USD,0.0,USD,domestic_card_not_present,,0.025
gid://shopify/Order/7684622287038,#1439,2026-04-29T17:48:23Z,2026-04-29T17:48:22Z,PAID,59.0,USD,gid://shopify/OrderTransaction/9249550958782,CAPTURE,SUCCESS,shopify_payments,2026-04-29T17:48:24Z,2026-04-29T17:48:24Z,59.0,USD,processing_fee,2.55,USD,0.0,USD,paypal_domestic_card_not_present,,0.0349
gid://shopify/Order/7684637458622,#1440,2026-04-29T17:53:38Z,2026-04-29T17:53:37Z,PAID,59.0,USD,gid://shopify/OrderTransaction/9249570783422,CAPTURE,SUCCESS,shopify_payments,2026-04-29T17:53:39Z,2026-04-29T17:53:39Z,59.0,USD,processing_fee,2.55,USD,0.0,USD,paypal_domestic_card_not_present,,0.0349
gid://shopify/Order/7684653088958,#1441,2026-04-29T18:00:33Z,2026-04-29T18:00:29Z,PAID,59.0,USD,gid://shopify/OrderTransaction/9249590345918,CAPTURE,SUCCESS,shopify_payments,2026-04-29T18:00:34Z,2026-04-29T18:00:34Z,59.0,USD,processing_fee,1.78,USD,0.0,USD,domestic_card_not_present,,0.025
gid://shopify/Order/7684814012606,#1443,2026-04-29T19:09:41Z,2026-04-29T19:09:35Z,PAID,147.0,USD,gid://shopify/OrderTransaction/9249790918846,SALE,SUCCESS,shopify_payments,2026-04-29T19:09:35Z,2026-04-29T19:09:35Z,147.0,USD,processing_fee,3.98,USD,0.0,USD,domestic_card_not_present,,0.025
gid://shopify/Order/7685021532350,#1444,2026-04-29T20:45:19Z,2026-04-29T20:45:16Z,PAID,59.0,USD,gid://shopify/OrderTransaction/9250062106814,CAPTURE,SUCCESS,shopify_payments,2026-04-29T20:45:21Z,2026-04-29T20:45:21Z,59.0,USD,processing_fee,2.13,USD,0.0,USD,amex_card_not_present,,0.031
gid://shopify/Order/7685054431422,#1445,2026-04-29T21:02:26Z,2026-04-29T21:02:21Z,PAID,59.0,USD,gid://shopify/OrderTransaction/9250113913022,CAPTURE,SUCCESS,shopify_payments,2026-04-29T21:02:28Z,2026-04-29T21:02:28Z,59.0,USD,processing_fee,1.78,USD,0.0,USD,domestic_card_not_present,,0.025
gid://shopify/Order/7685061279934,#1446,2026-04-29T21:06:12Z,2026-04-29T21:06:09Z,PAID,59.0,USD,gid://shopify/OrderTransaction/9250122727614,CAPTURE,SUCCESS,shopify_payments,2026-04-29T21:06:13Z,2026-04-29T21:06:13Z,59.0,USD,processing_fee,1.78,USD,0.0,USD,domestic_card_not_present,,0.025
gid://shopify/Order/7685266374846,#1447,2026-04-29T22:53:53Z,2026-04-29T22:53:48Z,PAID,59.0,USD,gid://shopify/OrderTransaction/9250372878526,SALE,SUCCESS,shopify_payments,2026-04-29T22:53:49Z,2026-04-29T22:53:49Z,59.0,USD,processing_fee,1.78,USD,0.0,USD,domestic_card_not_present,,0.025
gid://shopify/Order/7685389811902,#1448,2026-04-30T00:08:03Z,2026-04-30T00:07:58Z,PAID,59.0,USD,gid://shopify/OrderTransaction/9250528198846,CAPTURE,SUCCESS,shopify_payments,2026-04-30T00:08:04Z,2026-04-30T00:08:04Z,59.0,USD,processing_fee,1.78,USD,0.0,USD,domestic_card_not_present,,0.025
gid://shopify/Order/7685458755774,#1449,2026-04-30T00:48:21Z,2026-04-30T00:48:16Z,PAID,59.0,USD,gid://shopify/OrderTransaction/9250615394494,CAPTURE,SUCCESS,shopify_payments,2026-04-30T00:48:22Z,2026-04-30T00:48:22Z,59.0,USD,processing_fee,1.78,USD,0.0,USD,domestic_card_not_present,,0.025
gid://shopify/Order/7685523407038,#1450,2026-04-30T01:30:20Z,2026-04-30T01:30:17Z,PAID,59.0,USD,gid://shopify/OrderTransaction/9250696986814,CAPTURE,SUCCESS,shopify_payments,2026-04-30T01:30:22Z,2026-04-30T01:30:22Z,59.0,USD,processing_fee,2.13,USD,0.0,USD,amex_card_not_present,,0.031
gid://shopify/Order/7685593137342,#1451,2026-04-30T02:15:53Z,2026-04-30T02:15:49Z,PAID,59.0,USD,gid://shopify/OrderTransaction/9250786443454,CAPTURE,SUCCESS,shopify_payments,2026-04-30T02:15:54Z,2026-04-30T02:15:54Z,59.0,USD,processing_fee,2.13,USD,0.0,USD,amex_card_not_present,,0.031
gid://shopify/Order/7685628887230,#1452,2026-04-30T02:41:03Z,2026-04-30T02:41:00Z,PAID,59.0,USD,gid://shopify/OrderTransaction/9250829828286,CAPTURE,SUCCESS,shopify_payments,2026-04-30T02:41:04Z,2026-04-30T02:41:04Z,59.0,USD,processing_fee,2.13,USD,0.0,USD,premium_domestic_card_not_present,,0.031
gid://shopify/Order/7685687083198,#1453,2026-04-30T03:23:34Z,2026-04-30T03:23:28Z,PAID,59.0,USD,gid://shopify/OrderTransaction/9250904867006,CAPTURE,SUCCESS,shopify_payments,2026-04-30T03:23:35Z,2026-04-30T03:23:35Z,59.0,USD,processing_fee,1.78,USD,0.0,USD,domestic_card_not_present,,0.025
gid://shopify/Order/7685691736254,#1454,2026-04-30T03:27:37Z,2026-04-30T03:27:33Z,PAID,158.4,USD,gid://shopify/OrderTransaction/9250911125694,CAPTURE,SUCCESS,shopify_payments,2026-04-30T03:27:38Z,2026-04-30T03:27:38Z,88.0,USD,processing_fee,2.5,USD,0.0,USD,domestic_card_not_present,,0.025
gid://shopify/Order/7685691736254,#1454,2026-04-30T03:27:37Z,2026-04-30T03:27:33Z,PAID,158.4,USD,gid://shopify/OrderTransaction/9250912043198,SALE,SUCCESS,shopify_payments,2026-04-30T03:28:07Z,2026-04-30T03:28:07Z,47.2,USD,processing_fee,1.48,USD,0.0,USD,domestic_card_not_present,,0.025
gid://shopify/Order/7685691736254,#1454,2026-04-30T03:27:37Z,2026-04-30T03:27:33Z,PAID,158.4,USD,gid://shopify/OrderTransaction/9250912764094,SALE,SUCCESS,shopify_payments,2026-04-30T03:28:23Z,2026-04-30T03:28:23Z,23.2,USD,processing_fee,0.88,USD,0.0,USD,domestic_card_not_present,,0.025
gid://shopify/Order/7685866356926,#1455,2026-04-30T05:34:43Z,2026-04-30T05:34:40Z,PAID,59.0,USD,gid://shopify/OrderTransaction/9251134505150,CAPTURE,SUCCESS,shopify_payments,2026-04-30T05:34:45Z,2026-04-30T05:34:45Z,59.0,USD,processing_fee,1.78,USD,0.0,USD,domestic_card_not_present,,0.025
gid://shopify/Order/7685954011326,#1456,2026-04-30T07:05:47Z,2026-04-30T07:05:42Z,PAID,59.0,USD,gid://shopify/OrderTransaction/9251251388606,CAPTURE,SUCCESS,shopify_payments,2026-04-30T07:05:49Z,2026-04-30T07:05:49Z,59.0,USD,processing_fee,1.78,USD,0.0,USD,domestic_card_not_present,,0.025
gid://shopify/Order/7686003491006,#1457,2026-04-30T07:59:06Z,2026-04-30T07:59:01Z,PAID,59.0,USD,gid://shopify/OrderTransaction/9251322986686,CAPTURE,SUCCESS,shopify_payments,2026-04-30T07:59:07Z,2026-04-30T07:59:07Z,59.0,USD,processing_fee,1.78,USD,0.0,USD,domestic_card_not_present,,0.025
gid://shopify/Order/7686270976190,#1458,2026-04-30T12:18:44Z,2026-04-30T12:18:41Z,PAID,59.0,USD,gid://shopify/OrderTransaction/9251715973310,CAPTURE,SUCCESS,shopify_payments,2026-04-30T12:18:45Z,2026-04-30T12:18:45Z,59.0,USD,processing_fee,1.78,USD,0.0,USD,domestic_card_not_present,,0.025
gid://shopify/Order/7686295814334,#1459,2026-04-30T12:32:01Z,2026-04-30T12:31:57Z,PAID,63.13,USD,gid://shopify/OrderTransaction/9251742679230,CAPTURE,SUCCESS,shopify_payments,2026-04-30T12:32:02Z,2026-04-30T12:32:02Z,63.13,USD,processing_fee,1.88,USD,0.0,USD,domestic_card_not_present,,0.025
gid://shopify/Order/7686379634878,#1460,2026-04-30T13:22:44Z,2026-04-30T13:22:41Z,PAID,59.0,USD,gid://shopify/OrderTransaction/9251848519870,CAPTURE,SUCCESS,shopify_payments,2026-04-30T13:22:45Z,2026-04-30T13:22:45Z,59.0,USD,processing_fee,2.13,USD,0.0,USD,premium_domestic_card_not_present,,0.031
gid://shopify/Order/7686741459134,#1462,2026-04-30T15:58:39Z,2026-04-30T15:58:35Z,PAID,110.0,USD,gid://shopify/OrderTransaction/9252286202046,CAPTURE,SUCCESS,shopify_payments,2026-04-30T15:58:41Z,2026-04-30T15:58:41Z,110.0,USD,processing_fee,3.05,USD,0.0,USD,domestic_card_not_present,,0.025
gid://shopify/Order/7686756532414,#1463,2026-04-30T16:02:16Z,2026-04-30T16:02:13Z,PAID,59.0,USD,gid://shopify/OrderTransaction/9252302880958,CAPTURE,SUCCESS,shopify_payments,2026-04-30T16:02:18Z,2026-04-30T16:02:18Z,59.0,USD,processing_fee,1.78,USD,0.0,USD,domestic_card_not_present,,0.025
gid://shopify/Order/7686757417150,#1464,2026-04-30T16:02:30Z,2026-04-30T16:02:27Z,PAID,47.2,USD,gid://shopify/OrderTransaction/9252303831230,CAPTURE,SUCCESS,shopify_payments,2026-04-30T16:02:31Z,2026-04-30T16:02:31Z,47.2,USD,processing_fee,1.76,USD,0.0,USD,amex_card_not_present,,0.031
gid://shopify/Order/7686927548606,#1465,2026-04-30T16:50:01Z,2026-04-30T16:49:58Z,PAID,59.0,USD,gid://shopify/OrderTransaction/9252504928446,SALE,SUCCESS,shopify_payments,2026-04-30T16:49:59Z,2026-04-30T16:49:59Z,59.0,USD,processing_fee,1.78,USD,0.0,USD,domestic_card_not_present,,0.025
gid://shopify/Order/7686970015934,#1466,2026-04-30T16:58:20Z,2026-04-30T16:58:17Z,PAID,59.0,USD,gid://shopify/OrderTransaction/9252540645566,CAPTURE,SUCCESS,shopify_payments,2026-04-30T16:58:21Z,2026-04-30T16:58:21Z,59.0,USD,processing_fee,1.78,USD,0.0,USD,domestic_card_not_present,,0.025
gid://shopify/Order/7687015825598,#1467,2026-04-30T17:09:26Z,2026-04-30T17:09:21Z,PAID,59.0,USD,gid://shopify/OrderTransaction/9252583571646,CAPTURE,SUCCESS,shopify_payments,2026-04-30T17:09:27Z,2026-04-30T17:09:27Z,59.0,USD,processing_fee,1.78,USD,0.0,USD,domestic_card_not_present,,0.025
gid://shopify/Order/7687068418238,#1468,2026-04-30T17:22:26Z,2026-04-30T17:22:23Z,PAID,50.15,USD,gid://shopify/OrderTransaction/9252630790334,CAPTURE,SUCCESS,shopify_payments,2026-04-30T17:22:28Z,2026-04-30T17:22:28Z,50.15,USD,processing_fee,1.55,USD,0.0,USD,domestic_card_not_present,,0.025
gid://shopify/Order/7687122485438,#1470,2026-04-30T17:39:53Z,2026-04-30T17:39:50Z,PAID,59.0,USD,gid://shopify/OrderTransaction/9252695113918,CAPTURE,SUCCESS,shopify_payments,2026-04-30T17:39:54Z,2026-04-30T17:39:54Z,59.0,USD,processing_fee,1.78,USD,0.0,USD,domestic_card_not_present,,0.025
gid://shopify/Order/7687362117822,#1471,2026-04-30T18:50:01Z,2026-04-30T18:49:57Z,PAID,59.0,USD,gid://shopify/OrderTransaction/9252937269438,SALE,SUCCESS,shopify_payments,2026-04-30T18:49:58Z,2026-04-30T18:49:58Z,59.0,USD,processing_fee,1.78,USD,0.0,USD,domestic_card_not_present,,0.025
gid://shopify/Order/7687484899518,#1472,2026-04-30T19:33:32Z,2026-04-30T19:33:29Z,PAID,59.0,USD,gid://shopify/OrderTransaction/9253085380798,CAPTURE,SUCCESS,shopify_payments,2026-04-30T19:33:33Z,2026-04-30T19:33:33Z,59.0,USD,processing_fee,1.78,USD,0.0,USD,domestic_card_not_present,,0.025
gid://shopify/Order/7687495450814,#1473,2026-04-30T19:37:40Z,2026-04-30T19:37:38Z,PAID,59.0,USD,gid://shopify/OrderTransaction/9253098619070,CAPTURE,SUCCESS,shopify_payments,2026-04-30T19:37:41Z,2026-04-30T19:37:41Z,59.0,USD,processing_fee,1.78,USD,0.0,USD,domestic_card_not_present,,0.025
gid://shopify/Order/7687706607806,#1474,2026-04-30T20:53:07Z,2026-04-30T20:53:02Z,PAID,50.15,USD,gid://shopify/OrderTransaction/9253382095038,CAPTURE,SUCCESS,shopify_payments,2026-04-30T20:53:08Z,2026-04-30T20:53:08Z,50.15,USD,processing_fee,1.55,USD,0.0,USD,domestic_card_not_present,,0.025
gid://shopify/Order/7687786463422,#1475,2026-04-30T21:32:25Z,2026-04-30T21:32:21Z,PAID,50.15,USD,gid://shopify/OrderTransaction/9253495079102,SALE,SUCCESS,shopify_payments,2026-04-30T21:32:21Z,2026-04-30T21:32:21Z,50.15,USD,processing_fee,1.55,USD,0.0,USD,domestic_card_not_present,,0.025
gid://shopify/Order/7687800881342,#1476,2026-04-30T21:39:40Z,2026-04-30T21:39:36Z,PAID,47.2,USD,gid://shopify/OrderTransaction/9253513724094,CAPTURE,SUCCESS,shopify_payments,2026-04-30T21:39:41Z,2026-04-30T21:39:41Z,47.2,USD,processing_fee,1.76,USD,0.0,USD,amex_card_not_present,,0.031
gid://shopify/Order/7687942701246,#1477,2026-04-30T22:57:41Z,2026-04-30T22:57:37Z,PAID,50.15,USD,gid://shopify/OrderTransaction/9253699223742,CAPTURE,SUCCESS,shopify_payments,2026-04-30T22:57:42Z,2026-04-30T22:57:42Z,50.15,USD,processing_fee,1.55,USD,0.0,USD,domestic_card_not_present,,0.025
gid://shopify/Order/7687989526718,#1478,2026-04-30T23:19:50Z,2026-04-30T23:19:49Z,PAID,50.15,USD,gid://shopify/OrderTransaction/9253758795966,CAPTURE,SUCCESS,shopify_payments,2026-04-30T23:19:50Z,2026-04-30T23:19:50Z,50.15,USD,processing_fee,2.24,USD,0.0,USD,paypal_domestic_card_not_present,,0.0349
gid://shopify/Order/7688235483326,#1480,2026-05-01T01:04:46Z,2026-05-01T01:04:41Z,PAID,59.0,USD,gid://shopify/OrderTransaction/9254059835582,CAPTURE,SUCCESS,shopify_payments,2026-05-01T01:04:47Z,2026-05-01T01:04:47Z,59.0,USD,processing_fee,1.78,USD,0.0,USD,domestic_card_not_present,,0.025
gid://shopify/Order/7688405844158,#1482,2026-05-01T02:57:32Z,2026-05-01T02:57:29Z,PAID,59.0,USD,gid://shopify/OrderTransaction/9254288621758,CAPTURE,SUCCESS,shopify_payments,2026-05-01T02:57:33Z,2026-05-01T02:57:33Z,59.0,USD,processing_fee,1.78,USD,0.0,USD,domestic_card_not_present,,0.025
gid://shopify/Order/7689245294782,#1483,2026-05-01T06:56:34Z,2026-05-01T06:56:33Z,PAID,47.2,USD,gid://shopify/OrderTransaction/9255247380670,CAPTURE,SUCCESS,shopify_payments,2026-05-01T06:56:35Z,2026-05-01T06:56:35Z,47.2,USD,processing_fee,2.14,USD,0.0,USD,paypal_domestic_card_not_present,,0.0349
gid://shopify/Order/7689669968062,#1484,2026-05-01T10:20:23Z,2026-05-01T10:20:22Z,PAID,50.15,USD,gid://shopify/OrderTransaction/9255749714110,CAPTURE,SUCCESS,shopify_payments,2026-05-01T10:20:24Z,2026-05-01T10:20:24Z,50.15,USD,processing_fee,2.24,USD,0.0,USD,paypal_domestic_card_not_present,,0.0349
gid://shopify/Order/7689709846718,#1485,2026-05-01T10:45:14Z,2026-05-01T10:45:12Z,PAID,59.0,USD,gid://shopify/OrderTransaction/9255801323710,CAPTURE,SUCCESS,shopify_payments,2026-05-01T10:45:15Z,2026-05-01T10:45:15Z,59.0,USD,processing_fee,1.78,USD,0.0,USD,domestic_card_not_present,,0.025
gid://shopify/Order/7689977987262,#1486,2026-05-01T13:00:06Z,2026-05-01T13:00:02Z,PAID,59.0,USD,gid://shopify/OrderTransaction/9256123236542,CAPTURE,SUCCESS,shopify_payments,2026-05-01T13:00:07Z,2026-05-01T13:00:07Z,59.0,USD,processing_fee,2.13,USD,0.0,USD,amex_card_not_present,,0.031
gid://shopify/Order/7690019995838,#1487,2026-05-01T13:08:06Z,2026-05-01T13:08:02Z,PAID,59.0,USD,gid://shopify/OrderTransaction/9256163803326,CAPTURE,SUCCESS,shopify_payments,2026-05-01T13:08:07Z,2026-05-01T13:08:07Z,59.0,USD,processing_fee,1.78,USD,0.0,USD,domestic_card_not_present,,0.025
gid://shopify/Order/7690326540478,#1488,2026-05-01T15:00:53Z,2026-05-01T15:00:50Z,PAID,106.2,USD,gid://shopify/OrderTransaction/9256526708926,CAPTURE,SUCCESS,shopify_payments,2026-05-01T15:00:55Z,2026-05-01T15:00:55Z,59.0,USD,processing_fee,2.13,USD,0.0,USD,premium_domestic_card_not_present,,0.031
gid://shopify/Order/7690326540478,#1488,2026-05-01T15:00:53Z,2026-05-01T15:00:50Z,PAID,106.2,USD,gid://shopify/OrderTransaction/9256530444478,SALE,SUCCESS,shopify_payments,2026-05-01T15:01:47Z,2026-05-01T15:01:47Z,47.2,USD,processing_fee,1.76,USD,0.0,USD,premium_domestic_card_not_present,,0.031
gid://shopify/Order/7690361798846,#1489,2026-05-01T15:11:09Z,2026-05-01T15:11:05Z,PAID,59.0,USD,gid://shopify/OrderTransaction/9256564981950,CAPTURE,SUCCESS,shopify_payments,2026-05-01T15:11:10Z,2026-05-01T15:11:10Z,59.0,USD,processing_fee,1.78,USD,0.0,USD,domestic_card_not_present,,0.025
gid://shopify/Order/7690423238846,#1490,2026-05-01T15:29:25Z,2026-05-01T15:29:21Z,PAID,106.2,USD,gid://shopify/OrderTransaction/9256631566526,CAPTURE,SUCCESS,shopify_payments,2026-05-01T15:29:27Z,2026-05-01T15:29:27Z,59.0,USD,processing_fee,2.13,USD,0.0,USD,amex_card_not_present,,0.031
gid://shopify/Order/7690423238846,#1490,2026-05-01T15:29:25Z,2026-05-01T15:29:21Z,PAID,106.2,USD,gid://shopify/OrderTransaction/9256633237694,SALE,SUCCESS,shopify_payments,2026-05-01T15:29:53Z,2026-05-01T15:29:53Z,47.2,USD,processing_fee,1.76,USD,0.0,USD,amex_card_not_present,,0.031
gid://shopify/Order/7690436837566,#1491,2026-05-01T15:33:56Z,2026-05-01T15:33:52Z,PAID,50.15,USD,gid://shopify/OrderTransaction/9256649064638,CAPTURE,SUCCESS,shopify_payments,2026-05-01T15:33:57Z,2026-05-01T15:33:57Z,50.15,USD,processing_fee,1.55,USD,0.0,USD,domestic_card_not_present,,0.025
gid://shopify/Order/7690610475198,#1492,2026-05-01T16:13:59Z,2026-05-01T16:13:57Z,PAID,88.0,USD,gid://shopify/OrderTransaction/9256830173374,CAPTURE,SUCCESS,shopify_payments,2026-05-01T16:14:01Z,2026-05-01T16:14:01Z,88.0,USD,processing_fee,2.5,USD,0.0,USD,domestic_card_not_present,,0.025
gid://shopify/Order/7690810851518,#1493,2026-05-01T16:58:21Z,2026-05-01T16:58:18Z,PAID,59.0,USD,gid://shopify/OrderTransaction/9257021571262,CAPTURE,SUCCESS,shopify_payments,2026-05-01T16:58:23Z,2026-05-01T16:58:23Z,59.0,USD,processing_fee,1.78,USD,0.0,USD,domestic_card_not_present,,0.025
gid://shopify/Order/7690940842174,#1494,2026-05-01T17:31:59Z,2026-05-01T17:31:56Z,PAID,50.15,USD,gid://shopify/OrderTransaction/9257172107454,CAPTURE,SUCCESS,shopify_payments,2026-05-01T17:32:01Z,2026-05-01T17:32:01Z,50.15,USD,processing_fee,1.55,USD,0.0,USD,domestic_card_not_present,,0.025
gid://shopify/Order/7690967482558,#1495,2026-05-01T17:39:52Z,2026-05-01T17:39:49Z,PAID,50.15,USD,gid://shopify/OrderTransaction/9257204187326,CAPTURE,SUCCESS,shopify_payments,2026-05-01T17:39:54Z,2026-05-01T17:39:54Z,50.15,USD,processing_fee,1.55,USD,0.0,USD,domestic_card_not_present,,0.025
gid://shopify/Order/7691111465150,#1496,2026-05-01T18:20:36Z,2026-05-01T18:20:33Z,PAID,147.0,USD,gid://shopify/OrderTransaction/9257369698494,CAPTURE,SUCCESS,shopify_payments,2026-05-01T18:20:38Z,2026-05-01T18:20:38Z,147.0,USD,processing_fee,4.86,USD,0.0,USD,amex_card_not_present,,0.031
gid://shopify/Order/7691260199102,#1497,2026-05-01T19:09:11Z,2026-05-01T19:09:10Z,PAID,47.2,USD,gid://shopify/OrderTransaction/9257555230910,CAPTURE,SUCCESS,shopify_payments,2026-05-01T19:09:12Z,2026-05-01T19:09:12Z,47.2,USD,processing_fee,2.14,USD,0.0,USD,paypal_domestic_card_not_present,,0.0349
gid://shopify/Order/7691559862462,#1498,2026-05-01T20:47:23Z,2026-05-01T20:47:19Z,PAID,59.0,USD,gid://shopify/OrderTransaction/9257948446910,CAPTURE,SUCCESS,shopify_payments,2026-05-01T20:47:24Z,2026-05-01T20:47:24Z,59.0,USD,processing_fee,1.78,USD,0.0,USD,domestic_card_not_present,,0.025
gid://shopify/Order/7691679826110,#1499,2026-05-01T21:31:54Z,2026-05-01T21:31:51Z,PAID,147.0,USD,gid://shopify/OrderTransaction/9258131456190,CAPTURE,SUCCESS,shopify_payments,2026-05-01T21:31:56Z,2026-05-01T21:31:56Z,147.0,USD,processing_fee,3.98,USD,0.0,USD,domestic_card_not_present,,0.025
gid://shopify/Order/7691716133054,#1500,2026-05-01T21:46:51Z,2026-05-01T21:46:47Z,PAID,50.15,USD,gid://shopify/OrderTransaction/9258176610494,CAPTURE,SUCCESS,shopify_payments,2026-05-01T21:46:52Z,2026-05-01T21:46:52Z,50.15,USD,processing_fee,1.55,USD,0.0,USD,domestic_card_not_present,,0.025
gid://shopify/Order/7691762696382,#1501,2026-05-01T22:06:21Z,2026-05-01T22:06:17Z,PAID,59.0,USD,gid://shopify/OrderTransaction/9258235756734,CAPTURE,SUCCESS,shopify_payments,2026-05-01T22:06:23Z,2026-05-01T22:06:23Z,59.0,USD,processing_fee,1.78,USD,0.0,USD,domestic_card_not_present,,0.025
gid://shopify/Order/7691835539646,#1502,2026-05-01T22:36:15Z,2026-05-01T22:36:12Z,PAID,147.0,USD,gid://shopify/OrderTransaction/9258326130878,CAPTURE,SUCCESS,shopify_payments,2026-05-01T22:36:16Z,2026-05-01T22:36:16Z,147.0,USD,processing_fee,4.86,USD,0.0,USD,amex_card_not_present,,0.031
gid://shopify/Order/7691888361662,#1503,2026-05-01T22:56:47Z,2026-05-01T22:56:44Z,PAID,147.0,USD,gid://shopify/OrderTransaction/9258389766334,CAPTURE,SUCCESS,shopify_payments,2026-05-01T22:56:48Z,2026-05-01T22:56:48Z,147.0,USD,processing_fee,3.98,USD,0.0,USD,domestic_card_not_present,,0.025
gid://shopify/Order/7691952226494,#1504,2026-05-01T23:23:01Z,2026-05-01T23:22:58Z,PAID,50.15,USD,gid://shopify/OrderTransaction/9258466934974,CAPTURE,SUCCESS,shopify_payments,2026-05-01T23:23:02Z,2026-05-01T23:23:02Z,50.15,USD,processing_fee,1.55,USD,0.0,USD,domestic_card_not_present,,0.025
gid://shopify/Order/7692172787902,#1505,2026-05-02T00:53:07Z,2026-05-02T00:53:06Z,PAID,59.0,USD,gid://shopify/OrderTransaction/9258735763646,CAPTURE,SUCCESS,shopify_payments,2026-05-02T00:53:08Z,2026-05-02T00:53:08Z,59.0,USD,processing_fee,2.55,USD,0.0,USD,paypal_domestic_card_not_present,,0.0349
gid://shopify/Order/7692270534846,#1506,2026-05-02T01:33:31Z,2026-05-02T01:33:28Z,PAID,59.0,USD,gid://shopify/OrderTransaction/9258854580414,CAPTURE,SUCCESS,shopify_payments,2026-05-02T01:33:32Z,2026-05-02T01:33:32Z,59.0,USD,processing_fee,1.78,USD,0.0,USD,domestic_card_not_present,,0.025
gid://shopify/Order/7692441485502,#1507,2026-05-02T02:39:01Z,2026-05-02T02:38:58Z,PAID,147.0,USD,gid://shopify/OrderTransaction/9259060068542,CAPTURE,SUCCESS,shopify_payments,2026-05-02T02:39:02Z,2026-05-02T02:39:02Z,147.0,USD,processing_fee,3.98,USD,0.0,USD,domestic_card_not_present,,0.025
gid://shopify/Order/7692616433854,#1508,2026-05-02T03:14:40Z,2026-05-02T03:14:37Z,PAID,59.0,USD,gid://shopify/OrderTransaction/9259249991870,CAPTURE,SUCCESS,shopify_payments,2026-05-02T03:14:42Z,2026-05-02T03:14:42Z,59.0,USD,processing_fee,1.78,USD,0.0,USD,domestic_card_not_present,,0.025
gid://shopify/Order/7692639469758,#1509,2026-05-02T03:19:41Z,2026-05-02T03:19:39Z,PAID,59.0,USD,gid://shopify/OrderTransaction/9259274633406,CAPTURE,SUCCESS,shopify_payments,2026-05-02T03:19:42Z,2026-05-02T03:19:42Z,59.0,USD,processing_fee,2.55,USD,0.0,USD,paypal_domestic_card_not_present,,0.0349
gid://shopify/Order/7693192495294,#1510,2026-05-02T08:31:47Z,2026-05-02T08:31:43Z,PAID,74.8,USD,gid://shopify/OrderTransaction/9259960828094,CAPTURE,SUCCESS,shopify_payments,2026-05-02T08:31:49Z,2026-05-02T08:31:49Z,74.8,USD,processing_fee,2.17,USD,0.0,USD,domestic_card_not_present,,0.025
gid://shopify/Order/7693330481342,#1511,2026-05-02T11:10:24Z,2026-05-02T11:10:21Z,PAID,147.0,USD,gid://shopify/OrderTransaction/9260167135422,CAPTURE,SUCCESS,shopify_payments,2026-05-02T11:10:25Z,2026-05-02T11:10:25Z,147.0,USD,processing_fee,3.98,USD,0.0,USD,domestic_card_not_present,,0.025
gid://shopify/Order/7693347684542,#1512,2026-05-02T11:31:38Z,2026-05-02T11:31:35Z,PAID,59.0,USD,gid://shopify/OrderTransaction/9260193448126,CAPTURE,SUCCESS,shopify_payments,2026-05-02T11:31:39Z,2026-05-02T11:31:39Z,59.0,USD,processing_fee,2.13,USD,0.0,USD,amex_card_not_present,,0.031
gid://shopify/Order/7693385367742,#1513,2026-05-02T12:08:41Z,2026-05-02T12:08:38Z,PAID,47.2,USD,gid://shopify/OrderTransaction/9260252299454,CAPTURE,SUCCESS,shopify_payments,2026-05-02T12:08:42Z,2026-05-02T12:08:42Z,47.2,USD,processing_fee,1.48,USD,0.0,USD,domestic_card_not_present,,0.025
gid://shopify/Order/7693395624126,#1514,2026-05-02T12:19:52Z,2026-05-02T12:19:47Z,PAID,59.0,USD,gid://shopify/OrderTransaction/9260267765950,CAPTURE,SUCCESS,shopify_payments,2026-05-02T12:19:54Z,2026-05-02T12:19:54Z,59.0,USD,processing_fee,1.78,USD,0.0,USD,domestic_card_not_present,,0.025
gid://shopify/Order/7693417873598,#1515,2026-05-02T12:38:52Z,2026-05-02T12:38:52Z,PAID,59.0,USD,gid://shopify/OrderTransaction/9260300665022,CAPTURE,SUCCESS,shopify_payments,2026-05-02T12:38:53Z,2026-05-02T12:38:53Z,59.0,USD,processing_fee,2.55,USD,0.0,USD,paypal_domestic_card_not_present,,0.0349
gid://shopify/Order/7693428457662,#1516,2026-05-02T12:48:38Z,2026-05-02T12:48:38Z,PAID,59.0,USD,gid://shopify/OrderTransaction/9260316360894,CAPTURE,SUCCESS,shopify_payments,2026-05-02T12:48:39Z,2026-05-02T12:48:39Z,59.0,USD,processing_fee,2.55,USD,0.0,USD,paypal_domestic_card_not_present,,0.0349
gid://shopify/Order/7693453885630,#1517,2026-05-02T13:04:57Z,2026-05-02T13:04:52Z,PAID,59.0,USD,gid://shopify/OrderTransaction/9260345295038,SALE,SUCCESS,shopify_payments,2026-05-02T13:04:53Z,2026-05-02T13:04:53Z,59.0,USD,processing_fee,1.78,USD,0.0,USD,domestic_card_not_present,,0.025
gid://shopify/Order/7693458669758,#1518,2026-05-02T13:08:01Z,2026-05-02T13:07:56Z,PAID,74.8,USD,gid://shopify/OrderTransaction/9260351848638,CAPTURE,SUCCESS,shopify_payments,2026-05-02T13:08:02Z,2026-05-02T13:08:02Z,74.8,USD,processing_fee,2.17,USD,0.0,USD,domestic_card_not_present,,0.025
gid://shopify/Order/7693526859966,#1519,2026-05-02T13:58:13Z,2026-05-02T13:58:10Z,PAID,59.0,USD,gid://shopify/OrderTransaction/9260445434046,CAPTURE,SUCCESS,shopify_payments,2026-05-02T13:58:14Z,2026-05-02T13:58:14Z,59.0,USD,processing_fee,1.78,USD,0.0,USD,domestic_card_not_present,,0.025
gid://shopify/Order/7693527187646,#1520,2026-05-02T13:58:25Z,2026-05-02T13:58:22Z,PAID,59.0,USD,gid://shopify/OrderTransaction/9260445827262,CAPTURE,SUCCESS,shopify_payments,2026-05-02T13:58:26Z,2026-05-02T13:58:26Z,59.0,USD,processing_fee,1.78,USD,0.0,USD,domestic_card_not_present,,0.025
gid://shopify/Order/7693555040446,#1521,2026-05-02T14:15:28Z,2026-05-02T14:15:25Z,PAID,110.0,USD,gid://shopify/OrderTransaction/9260482658494,CAPTURE,SUCCESS,shopify_payments,2026-05-02T14:15:29Z,2026-05-02T14:15:29Z,110.0,USD,processing_fee,3.71,USD,0.0,USD,amex_card_not_present,,0.031
gid://shopify/Order/7693709541566,#1522,2026-05-02T15:40:28Z,2026-05-02T15:40:24Z,PAID,77.85,USD,gid://shopify/OrderTransaction/9260690211006,CAPTURE,SUCCESS,shopify_payments,2026-05-02T15:40:29Z,2026-05-02T15:40:29Z,59.0,USD,processing_fee,1.78,USD,0.0,USD,domestic_card_not_present,,0.025
gid://shopify/Order/7693709541566,#1522,2026-05-02T15:40:28Z,2026-05-02T15:40:24Z,PAID,77.85,USD,gid://shopify/OrderTransaction/9260691554494,SALE,SUCCESS,shopify_payments,2026-05-02T15:41:08Z,2026-05-02T15:41:08Z,18.85,USD,processing_fee,0.77,USD,0.0,USD,domestic_card_not_present,,0.025
gid://shopify/Order/7693712851134,#1523,2026-05-02T15:42:08Z,2026-05-02T15:42:05Z,PAID,110.0,USD,gid://shopify/OrderTransaction/9260694175934,CAPTURE,SUCCESS,shopify_payments,2026-05-02T15:42:09Z,2026-05-02T15:42:09Z,110.0,USD,processing_fee,3.05,USD,0.0,USD,domestic_card_not_present,,0.025
gid://shopify/Order/7693826228414,#1525,2026-05-02T16:36:38Z,2026-05-02T16:36:34Z,PAID,97.35,USD,gid://shopify/OrderTransaction/9260849889470,CAPTURE,SUCCESS,shopify_payments,2026-05-02T16:36:39Z,2026-05-02T16:36:39Z,50.15,USD,processing_fee,1.55,USD,0.0,USD,domestic_card_not_present,,0.025
gid://shopify/Order/7693826228414,#1525,2026-05-02T16:36:38Z,2026-05-02T16:36:34Z,PAID,97.35,USD,gid://shopify/OrderTransaction/9260850577598,SALE,SUCCESS,shopify_payments,2026-05-02T16:36:50Z,2026-05-02T16:36:50Z,47.2,USD,processing_fee,1.48,USD,0.0,USD,domestic_card_not_present,,0.025
gid://shopify/Order/7693917290686,#1526,2026-05-02T17:20:09Z,2026-05-02T17:20:04Z,PAID,50.15,USD,gid://shopify/OrderTransaction/9260974801086,SALE,SUCCESS,shopify_payments,2026-05-02T17:20:05Z,2026-05-02T17:20:05Z,50.15,USD,processing_fee,1.55,USD,0.0,USD,domestic_card_not_present,,0.025
gid://shopify/Order/7693940687038,#1527,2026-05-02T17:31:44Z,2026-05-02T17:31:41Z,PAID,47.2,USD,gid://shopify/OrderTransaction/9261005471934,CAPTURE,SUCCESS,shopify_payments,2026-05-02T17:31:46Z,2026-05-02T17:31:46Z,47.2,USD,processing_fee,1.76,USD,0.0,USD,amex_card_not_present,,0.031
gid://shopify/Order/7693959954622,#1528,2026-05-02T17:40:18Z,2026-05-02T17:40:13Z,PAID,59.0,USD,gid://shopify/OrderTransaction/9261030408382,CAPTURE,SUCCESS,shopify_payments,2026-05-02T17:40:19Z,2026-05-02T17:40:19Z,59.0,USD,processing_fee,1.78,USD,0.0,USD,domestic_card_not_present,,0.025
gid://shopify/Order/7694009303230,#1529,2026-05-02T18:02:49Z,2026-05-02T18:02:46Z,PAID,59.0,USD,gid://shopify/OrderTransaction/9261097779390,CAPTURE,SUCCESS,shopify_payments,2026-05-02T18:02:50Z,2026-05-02T18:02:50Z,59.0,USD,processing_fee,1.78,USD,0.0,USD,domestic_card_not_present,,0.025
gid://shopify/Order/7694132576446,#1530,2026-05-02T19:00:10Z,2026-05-02T19:00:07Z,PAID,59.0,USD,gid://shopify/OrderTransaction/9261259227326,CAPTURE,SUCCESS,shopify_payments,2026-05-02T19:00:11Z,2026-05-02T19:00:11Z,59.0,USD,processing_fee,1.78,USD,0.0,USD,domestic_card_not_present,,0.025
gid://shopify/Order/7694291566782,#1531,2026-05-02T20:22:00Z,2026-05-02T20:21:55Z,PAID,29.0,USD,gid://shopify/OrderTransaction/9261490634942,SALE,SUCCESS,shopify_payments,2026-05-02T20:21:55Z,2026-05-02T20:21:55Z,29.0,USD,processing_fee,1.03,USD,0.0,USD,domestic_card_not_present,,0.025
gid://shopify/Order/7694488338622,#1532,2026-05-02T22:17:33Z,2026-05-02T22:17:29Z,PAID,59.0,USD,gid://shopify/OrderTransaction/9261800227006,CAPTURE,SUCCESS,shopify_payments,2026-05-02T22:17:35Z,2026-05-02T22:17:35Z,59.0,USD,processing_fee,1.78,USD,0.0,USD,domestic_card_not_present,,0.025
gid://shopify/Order/7694654472382,#1534,2026-05-03T00:19:21Z,2026-05-03T00:19:19Z,PAID,106.2,USD,gid://shopify/OrderTransaction/9262031110334,CAPTURE,SUCCESS,shopify_payments,2026-05-03T00:19:22Z,2026-05-03T00:19:22Z,59.0,USD,processing_fee,1.78,USD,0.0,USD,domestic_card_not_present,,0.025
gid://shopify/Order/7694654472382,#1534,2026-05-03T00:19:21Z,2026-05-03T00:19:19Z,PAID,106.2,USD,gid://shopify/OrderTransaction/9262031634622,SALE,SUCCESS,shopify_payments,2026-05-03T00:19:40Z,2026-05-03T00:19:40Z,47.2,USD,processing_fee,1.48,USD,0.0,USD,domestic_card_not_present,,0.025
gid://shopify/Order/7694833287358,#1535,2026-05-03T02:25:51Z,2026-05-03T02:25:47Z,PAID,77.85,USD,gid://shopify/OrderTransaction/9262272774334,CAPTURE,SUCCESS,shopify_payments,2026-05-03T02:25:52Z,2026-05-03T02:25:52Z,59.0,USD,processing_fee,1.78,USD,0.0,USD,domestic_card_not_present,,0.025
gid://shopify/Order/7694833287358,#1535,2026-05-03T02:25:51Z,2026-05-03T02:25:47Z,PAID,77.85,USD,gid://shopify/OrderTransaction/9262275297470,SALE,SUCCESS,shopify_payments,2026-05-03T02:27:27Z,2026-05-03T02:27:27Z,18.85,USD,processing_fee,0.77,USD,0.0,USD,domestic_card_not_present,,0.025
gid://shopify/Order/7694881194174,#1536,2026-05-03T03:02:37Z,2026-05-03T03:02:33Z,PAID,59.0,USD,gid://shopify/OrderTransaction/9262338146494,CAPTURE,SUCCESS,shopify_payments,2026-05-03T03:02:38Z,2026-05-03T03:02:38Z,59.0,USD,processing_fee,2.13,USD,0.0,USD,amex_card_not_present,,0.031
gid://shopify/Order/7694981464254,#1537,2026-05-03T04:15:46Z,2026-05-03T04:15:44Z,PAID,59.0,USD,gid://shopify/OrderTransaction/9262467875006,CAPTURE,SUCCESS,shopify_payments,2026-05-03T04:15:47Z,2026-05-03T04:15:47Z,59.0,USD,processing_fee,1.78,USD,0.0,USD,domestic_card_not_present,,0.025
gid://shopify/Order/7695007318206,#1538,2026-05-03T04:24:25Z,2026-05-03T04:24:24Z,PAID,59.0,USD,gid://shopify/OrderTransaction/9262498382014,CAPTURE,SUCCESS,shopify_payments,2026-05-03T04:24:26Z,2026-05-03T04:24:26Z,59.0,USD,processing_fee,2.55,USD,0.0,USD,paypal_domestic_card_not_present,,0.0349
gid://shopify/Order/7695045623998,#1539,2026-05-03T04:56:09Z,2026-05-03T04:56:08Z,PAID,59.0,USD,gid://shopify/OrderTransaction/9262551630014,CAPTURE,SUCCESS,shopify_payments,2026-05-03T04:56:10Z,2026-05-03T04:56:10Z,59.0,USD,processing_fee,2.55,USD,0.0,USD,paypal_domestic_card_not_present,,0.0349
gid://shopify/Order/7695115419838,#1540,2026-05-03T05:41:32Z,2026-05-03T05:41:29Z,PAID,59.0,USD,gid://shopify/OrderTransaction/9262643347646,CAPTURE,SUCCESS,shopify_payments,2026-05-03T05:41:33Z,2026-05-03T05:41:33Z,59.0,USD,processing_fee,1.78,USD,0.0,USD,domestic_card_not_present,,0.025
gid://shopify/Order/7695168635070,#1542,2026-05-03T06:27:28Z,2026-05-03T06:27:25Z,PAID,29.0,USD,gid://shopify/OrderTransaction/9262714159294,CAPTURE,SUCCESS,shopify_payments,2026-05-03T06:27:29Z,2026-05-03T06:27:29Z,29.0,USD,processing_fee,1.03,USD,0.0,USD,domestic_card_not_present,,0.025
gid://shopify/Order/7695405678782,#1543,2026-05-03T10:35:57Z,2026-05-03T10:35:52Z,PAID,59.0,USD,gid://shopify/OrderTransaction/9263048556734,CAPTURE,SUCCESS,shopify_payments,2026-05-03T10:35:58Z,2026-05-03T10:35:58Z,59.0,USD,processing_fee,1.78,USD,0.0,USD,domestic_card_not_present,,0.025
gid://shopify/Order/7695490482366,#1545,2026-05-03T12:02:53Z,2026-05-03T12:02:50Z,PAID,106.2,USD,gid://shopify/OrderTransaction/9263174516926,CAPTURE,SUCCESS,shopify_payments,2026-05-03T12:02:54Z,2026-05-03T12:02:54Z,59.0,USD,processing_fee,2.13,USD,0.0,USD,amex_card_not_present,,0.031
gid://shopify/Order/7695490482366,#1545,2026-05-03T12:02:53Z,2026-05-03T12:02:50Z,PAID,106.2,USD,gid://shopify/OrderTransaction/9263174910142,SALE,SUCCESS,shopify_payments,2026-05-03T12:03:09Z,2026-05-03T12:03:09Z,47.2,USD,processing_fee,1.76,USD,0.0,USD,amex_card_not_present,,0.031
gid://shopify/Order/7695511650494,#1546,2026-05-03T12:12:42Z,2026-05-03T12:12:39Z,PAID,59.0,USD,gid://shopify/OrderTransaction/9263191621822,CAPTURE,SUCCESS,shopify_payments,2026-05-03T12:12:44Z,2026-05-03T12:12:44Z,59.0,USD,processing_fee,2.13,USD,0.0,USD,amex_card_not_present,,0.031
gid://shopify/Order/7695519645886,#1547,2026-05-03T12:19:47Z,2026-05-03T12:19:41Z,PAID,59.0,USD,gid://shopify/OrderTransaction/9263203418302,SALE,SUCCESS,shopify_payments,2026-05-03T12:19:42Z,2026-05-03T12:19:42Z,59.0,USD,processing_fee,1.78,USD,0.0,USD,domestic_card_not_present,,0.025
gid://shopify/Order/7695626731710,#1548,2026-05-03T13:42:56Z,2026-05-03T13:42:53Z,PAID,59.0,USD,gid://shopify/OrderTransaction/9263370961086,CAPTURE,SUCCESS,shopify_payments,2026-05-03T13:42:57Z,2026-05-03T13:42:57Z,59.0,USD,processing_fee,1.78,USD,0.0,USD,domestic_card_not_present,,0.025
gid://shopify/Order/7695653077182,#1549,2026-05-03T14:03:06Z,2026-05-03T14:03:03Z,PAID,59.0,USD,gid://shopify/OrderTransaction/9263407530174,CAPTURE,SUCCESS,shopify_payments,2026-05-03T14:03:08Z,2026-05-03T14:03:08Z,59.0,USD,processing_fee,1.78,USD,0.0,USD,domestic_card_not_present,,0.025
gid://shopify/Order/7695671591102,#1550,2026-05-03T14:14:43Z,2026-05-03T14:14:39Z,PAID,147.0,USD,gid://shopify/OrderTransaction/9263432532158,CAPTURE,SUCCESS,shopify_payments,2026-05-03T14:14:45Z,2026-05-03T14:14:45Z,147.0,USD,processing_fee,3.98,USD,0.0,USD,domestic_card_not_present,,0.025
gid://shopify/Order/7695714681022,#1551,2026-05-03T14:43:09Z,2026-05-03T14:43:08Z,PAID,50.15,USD,gid://shopify/OrderTransaction/9263491514558,CAPTURE,SUCCESS,shopify_payments,2026-05-03T14:43:10Z,2026-05-03T14:43:10Z,50.15,USD,processing_fee,2.24,USD,0.0,USD,paypal_domestic_card_not_present,,0.0349
gid://shopify/Order/7695718940862,#1552,2026-05-03T14:46:18Z,2026-05-03T14:46:14Z,PAID,50.15,USD,gid://shopify/OrderTransaction/9263497085118,CAPTURE,SUCCESS,shopify_payments,2026-05-03T14:46:19Z,2026-05-03T14:46:19Z,50.15,USD,processing_fee,1.55,USD,0.0,USD,domestic_card_not_present,,0.025
gid://shopify/Order/7695731851454,#1553,2026-05-03T14:54:11Z,2026-05-03T14:54:11Z,PAID,50.15,USD,gid://shopify/OrderTransaction/9263513370814,CAPTURE,SUCCESS,shopify_payments,2026-05-03T14:54:12Z,2026-05-03T14:54:12Z,50.15,USD,processing_fee,2.24,USD,0.0,USD,paypal_domestic_card_not_present,,0.0349
gid://shopify/Order/7696010346686,#1555,2026-05-03T16:16:05Z,2026-05-03T16:16:02Z,PAID,59.0,USD,gid://shopify/OrderTransaction/9263847276734,CAPTURE,SUCCESS,shopify_payments,2026-05-03T16:16:06Z,2026-05-03T16:16:06Z,59.0,USD,processing_fee,1.78,USD,0.0,USD,domestic_card_not_present,,0.025
gid://shopify/Order/7696015589566,#1556,2026-05-03T16:17:16Z,2026-05-03T16:17:12Z,PAID,50.15,USD,gid://shopify/OrderTransaction/9263852978366,CAPTURE,SUCCESS,shopify_payments,2026-05-03T16:17:17Z,2026-05-03T16:17:17Z,50.15,USD,processing_fee,1.55,USD,0.0,USD,domestic_card_not_present,,0.025
gid://shopify/Order/7696241590462,#1557,2026-05-03T17:06:56Z,2026-05-03T17:06:52Z,PAID,59.0,USD,gid://shopify/OrderTransaction/9264113549502,CAPTURE,SUCCESS,shopify_payments,2026-05-03T17:06:57Z,2026-05-03T17:06:57Z,59.0,USD,processing_fee,1.78,USD,0.0,USD,domestic_card_not_present,,0.025
gid://shopify/Order/7696314204350,#1558,2026-05-03T17:24:59Z,2026-05-03T17:24:58Z,PAID,50.15,USD,gid://shopify/OrderTransaction/9264202023102,CAPTURE,SUCCESS,shopify_payments,2026-05-03T17:25:00Z,2026-05-03T17:25:00Z,50.15,USD,processing_fee,2.24,USD,0.0,USD,paypal_domestic_card_not_present,,0.0349
gid://shopify/Order/7696372990142,#1559,2026-05-03T17:55:00Z,2026-05-03T17:54:55Z,PAID,147.0,USD,gid://shopify/OrderTransaction/9264284631230,CAPTURE,SUCCESS,shopify_payments,2026-05-03T17:55:02Z,2026-05-03T17:55:02Z,147.0,USD,processing_fee,3.98,USD,0.0,USD,domestic_card_not_present,,0.025
gid://shopify/Order/7696385638590,#1560,2026-05-03T18:01:19Z,2026-05-03T18:01:18Z,PAID,59.0,USD,gid://shopify/OrderTransaction/9264305438910,CAPTURE,SUCCESS,shopify_payments,2026-05-03T18:01:20Z,2026-05-03T18:01:20Z,59.0,USD,processing_fee,2.55,USD,0.0,USD,paypal_domestic_card_not_present,,0.0349
gid://shopify/Order/7696386785470,#1561,2026-05-03T18:02:01Z,2026-05-03T18:01:58Z,PAID,110.0,USD,gid://shopify/OrderTransaction/9264307798206,CAPTURE,SUCCESS,shopify_payments,2026-05-03T18:02:02Z,2026-05-03T18:02:02Z,110.0,USD,processing_fee,3.05,USD,0.0,USD,domestic_card_not_present,,0.025
gid://shopify/Order/7696429646014,#1562,2026-05-03T18:22:16Z,2026-05-03T18:22:14Z,PAID,50.15,USD,gid://shopify/OrderTransaction/9264373170366,CAPTURE,SUCCESS,shopify_payments,2026-05-03T18:22:18Z,2026-05-03T18:22:18Z,50.15,USD,processing_fee,1.55,USD,0.0,USD,domestic_card_not_present,,0.025
gid://shopify/Order/7696523428030,#1563,2026-05-03T19:09:41Z,2026-05-03T19:09:37Z,PAID,50.15,USD,gid://shopify/OrderTransaction/9264509649086,CAPTURE,SUCCESS,shopify_payments,2026-05-03T19:09:42Z,2026-05-03T19:09:42Z,50.15,USD,processing_fee,1.55,USD,0.0,USD,domestic_card_not_present,,0.025
gid://shopify/Order/7696582344894,#1564,2026-05-03T19:39:28Z,2026-05-03T19:39:25Z,PAID,50.15,USD,gid://shopify/OrderTransaction/9264600776894,CAPTURE,SUCCESS,shopify_payments,2026-05-03T19:39:29Z,2026-05-03T19:39:29Z,50.15,USD,processing_fee,1.55,USD,0.0,USD,domestic_card_not_present,,0.025
gid://shopify/Order/7696636510398,#1565,2026-05-03T20:08:22Z,2026-05-03T20:08:19Z,PAID,50.15,USD,gid://shopify/OrderTransaction/9264674832574,CAPTURE,SUCCESS,shopify_payments,2026-05-03T20:08:24Z,2026-05-03T20:08:24Z,50.15,USD,processing_fee,1.55,USD,0.0,USD,domestic_card_not_present,,0.025
gid://shopify/Order/7696666525886,#1566,2026-05-03T20:24:15Z,2026-05-03T20:24:10Z,PAID,147.0,USD,gid://shopify/OrderTransaction/9264726835390,CAPTURE,SUCCESS,shopify_payments,2026-05-03T20:24:16Z,2026-05-03T20:24:16Z,147.0,USD,processing_fee,3.98,USD,0.0,USD,domestic_card_not_present,,0.025
gid://shopify/Order/7696710926526,#1568,2026-05-03T20:48:38Z,2026-05-03T20:48:35Z,PAID,106.2,USD,gid://shopify/OrderTransaction/9264798695614,CAPTURE,SUCCESS,shopify_payments,2026-05-03T20:48:39Z,2026-05-03T20:48:39Z,59.0,USD,processing_fee,2.13,USD,0.0,USD,amex_card_not_present,,0.031
gid://shopify/Order/7696710926526,#1568,2026-05-03T20:48:38Z,2026-05-03T20:48:35Z,PAID,106.2,USD,gid://shopify/OrderTransaction/9264799449278,SALE,SUCCESS,shopify_payments,2026-05-03T20:48:52Z,2026-05-03T20:48:52Z,47.2,USD,processing_fee,1.76,USD,0.0,USD,amex_card_not_present,,0.031
gid://shopify/Order/7696747135166,#1569,2026-05-03T21:08:43Z,2026-05-03T21:08:41Z,PAID,59.0,USD,gid://shopify/OrderTransaction/9264846176446,CAPTURE,SUCCESS,shopify_payments,2026-05-03T21:08:44Z,2026-05-03T21:08:44Z,59.0,USD,processing_fee,1.78,USD,0.0,USD,domestic_card_not_present,,0.025
gid://shopify/Order/7696776429758,#1570,2026-05-03T21:26:25Z,2026-05-03T21:26:24Z,PAID,59.0,USD,gid://shopify/OrderTransaction/9264886218942,CAPTURE,SUCCESS,shopify_payments,2026-05-03T21:26:25Z,2026-05-03T21:26:25Z,59.0,USD,processing_fee,2.55,USD,0.0,USD,paypal_domestic_card_not_present,,0.0349
gid://shopify/Order/7696857170110,#1573,2026-05-03T22:15:37Z,2026-05-03T22:15:32Z,PAID,147.0,USD,gid://shopify/OrderTransaction/9264996843710,CAPTURE,SUCCESS,shopify_payments,2026-05-03T22:15:38Z,2026-05-03T22:15:38Z,147.0,USD,processing_fee,3.98,USD,0.0,USD,domestic_card_not_present,,0.025
gid://shopify/Order/7696884531390,#1574,2026-05-03T22:33:17Z,2026-05-03T22:33:14Z,PAID,88.0,USD,gid://shopify/OrderTransaction/9265032986814,CAPTURE,SUCCESS,shopify_payments,2026-05-03T22:33:18Z,2026-05-03T22:33:18Z,88.0,USD,processing_fee,2.5,USD,0.0,USD,domestic_card_not_present,,0.025
gid://shopify/Order/7696898556094,#1575,2026-05-03T22:41:39Z,2026-05-03T22:41:36Z,PAID,59.0,USD,gid://shopify/OrderTransaction/9265051828414,CAPTURE,SUCCESS,shopify_payments,2026-05-03T22:41:40Z,2026-05-03T22:41:40Z,59.0,USD,processing_fee,1.78,USD,0.0,USD,domestic_card_not_present,,0.025
gid://shopify/Order/7696947347646,#1576,2026-05-03T23:13:54Z,2026-05-03T23:13:50Z,PAID,50.15,USD,gid://shopify/OrderTransaction/9265117724862,CAPTURE,SUCCESS,shopify_payments,2026-05-03T23:13:55Z,2026-05-03T23:13:55Z,50.15,USD,processing_fee,1.85,USD,0.0,USD,premium_domestic_card_not_present,,0.031
gid://shopify/Order/7696950263998,#1577,2026-05-03T23:15:55Z,2026-05-03T23:15:54Z,PARTIALLY_REFUNDED,106.2,USD,gid://shopify/OrderTransaction/9265122148542,CAPTURE,SUCCESS,shopify_payments,2026-05-03T23:15:56Z,2026-05-03T23:15:56Z,59.0,USD,processing_fee,2.55,USD,0.0,USD,paypal_domestic_card_not_present,,0.0349
gid://shopify/Order/7696950263998,#1577,2026-05-03T23:15:55Z,2026-05-03T23:15:54Z,PARTIALLY_REFUNDED,106.2,USD,gid://shopify/OrderTransaction/9265122672830,SALE,SUCCESS,shopify_payments,2026-05-03T23:16:12Z,2026-05-03T23:16:12Z,47.2,USD,processing_fee,2.14,USD,0.0,USD,paypal_domestic_card_not_present,,0.0349
gid://shopify/Order/7696954261694,#1578,2026-05-03T23:19:00Z,2026-05-03T23:18:57Z,PAID,59.0,USD,gid://shopify/OrderTransaction/9265127784638,CAPTURE,SUCCESS,shopify_payments,2026-05-03T23:19:01Z,2026-05-03T23:19:01Z,59.0,USD,processing_fee,1.78,USD,0.0,USD,domestic_card_not_present,,0.025
gid://shopify/Order/7696971333822,#1579,2026-05-03T23:29:01Z,2026-05-03T23:28:57Z,PAID,59.0,USD,gid://shopify/OrderTransaction/9265148297406,CAPTURE,SUCCESS,shopify_payments,2026-05-03T23:29:02Z,2026-05-03T23:29:02Z,59.0,USD,processing_fee,1.78,USD,0.0,USD,domestic_card_not_present,,0.025
gid://shopify/Order/7697036574910,#1580,2026-05-04T00:14:03Z,2026-05-04T00:13:59Z,PAID,76.2,USD,gid://shopify/OrderTransaction/9265234247870,CAPTURE,SUCCESS,shopify_payments,2026-05-04T00:14:04Z,2026-05-04T00:14:04Z,29.0,USD,processing_fee,1.03,USD,0.0,USD,domestic_card_not_present,,0.025
gid://shopify/Order/7697036574910,#1580,2026-05-04T00:14:03Z,2026-05-04T00:13:59Z,PAID,76.2,USD,gid://shopify/OrderTransaction/9265234870462,SALE,SUCCESS,shopify_payments,2026-05-04T00:14:37Z,2026-05-04T00:14:37Z,47.2,USD,processing_fee,1.48,USD,0.0,USD,domestic_card_not_present,,0.025
gid://shopify/Order/7697060102334,#1581,2026-05-04T00:31:07Z,2026-05-04T00:31:04Z,PAID,147.0,USD,gid://shopify/OrderTransaction/9265266131134,CAPTURE,SUCCESS,shopify_payments,2026-05-04T00:31:08Z,2026-05-04T00:31:08Z,147.0,USD,processing_fee,3.98,USD,0.0,USD,domestic_card_not_present,,0.025
gid://shopify/Order/7697100472510,#1582,2026-05-04T00:59:01Z,2026-05-04T00:58:57Z,PAID,59.0,USD,gid://shopify/OrderTransaction/9265317478590,CAPTURE,SUCCESS,shopify_payments,2026-05-04T00:59:02Z,2026-05-04T00:59:02Z,59.0,USD,processing_fee,1.78,USD,0.0,USD,domestic_card_not_present,,0.025
gid://shopify/Order/7697148772542,#1583,2026-05-04T01:30:11Z,2026-05-04T01:30:08Z,PAID,50.15,USD,gid://shopify/OrderTransaction/9265377083582,CAPTURE,SUCCESS,shopify_payments,2026-05-04T01:30:12Z,2026-05-04T01:30:12Z,50.15,USD,processing_fee,1.55,USD,0.0,USD,domestic_card_not_present,,0.025
gid://shopify/Order/7697310482622,#1584,2026-05-04T02:55:03Z,2026-05-04T02:54:58Z,PAID,23.2,USD,gid://shopify/OrderTransaction/9265577394366,CAPTURE,SUCCESS,shopify_payments,2026-05-04T02:55:04Z,2026-05-04T02:55:04Z,23.2,USD,processing_fee,0.88,USD,0.0,USD,domestic_card_not_present,,0.025
gid://shopify/Order/7697448272062,#1586,2026-05-04T04:30:32Z,2026-05-04T04:30:29Z,PAID,59.0,USD,gid://shopify/OrderTransaction/9265760272574,CAPTURE,SUCCESS,shopify_payments,2026-05-04T04:30:33Z,2026-05-04T04:30:33Z,59.0,USD,processing_fee,1.78,USD,0.0,USD,domestic_card_not_present,,0.025
gid://shopify/Order/7697499717822,#1587,2026-05-04T05:08:11Z,2026-05-04T05:08:05Z,PAID,63.28,USD,gid://shopify/OrderTransaction/9265830101182,CAPTURE,SUCCESS,shopify_payments,2026-05-04T05:08:12Z,2026-05-04T05:08:12Z,63.28,USD,processing_fee,1.88,USD,0.0,USD,domestic_card_not_present,,0.025
gid://shopify/Order/7697594581182,#1588,2026-05-04T06:35:16Z,2026-05-04T06:35:13Z,REFUNDED,59.0,USD,gid://shopify/OrderTransaction/9265965236414,CAPTURE,SUCCESS,shopify_payments,2026-05-04T06:35:17Z,2026-05-04T06:35:17Z,59.0,USD,processing_fee,2.72,USD,0.0,USD,amex_international_card_not_present,,0.041
gid://shopify/Order/7697741971646,#1589,2026-05-04T09:10:52Z,2026-05-04T09:10:49Z,PAID,59.0,USD,gid://shopify/OrderTransaction/9266199756990,CAPTURE,SUCCESS,shopify_payments,2026-05-04T09:10:53Z,2026-05-04T09:10:53Z,59.0,USD,processing_fee,1.78,USD,0.0,USD,domestic_card_not_present,,0.025
gid://shopify/Order/7697942839486,#1590,2026-05-04T12:10:35Z,2026-05-04T12:10:31Z,PAID,59.0,USD,gid://shopify/OrderTransaction/9266500960446,CAPTURE,SUCCESS,shopify_payments,2026-05-04T12:10:36Z,2026-05-04T12:10:36Z,59.0,USD,processing_fee,1.78,USD,0.0,USD,domestic_card_not_present,,0.025
gid://shopify/Order/7698132664510,#1591,2026-05-04T13:41:39Z,2026-05-04T13:41:35Z,PAID,59.0,USD,gid://shopify/OrderTransaction/9266754420926,CAPTURE,SUCCESS,shopify_payments,2026-05-04T13:41:40Z,2026-05-04T13:41:40Z,59.0,USD,processing_fee,1.78,USD,0.0,USD,domestic_card_not_present,,0.025
gid://shopify/Order/7698199249086,#1592,2026-05-04T14:09:07Z,2026-05-04T14:09:03Z,PAID,59.0,USD,gid://shopify/OrderTransaction/9266842796222,CAPTURE,SUCCESS,shopify_payments,2026-05-04T14:09:08Z,2026-05-04T14:09:08Z,59.0,USD,processing_fee,2.13,USD,0.0,USD,amex_card_not_present,,0.031
gid://shopify/Order/7698265145534,#1593,2026-05-04T14:37:04Z,2026-05-04T14:37:03Z,PAID,59.0,USD,gid://shopify/OrderTransaction/9266927206590,CAPTURE,SUCCESS,shopify_payments,2026-05-04T14:37:05Z,2026-05-04T14:37:05Z,59.0,USD,processing_fee,2.55,USD,0.0,USD,paypal_domestic_card_not_present,,0.0349
gid://shopify/Order/7698298241214,#1594,2026-05-04T14:50:57Z,2026-05-04T14:50:56Z,PAID,59.0,USD,gid://shopify/OrderTransaction/9266972721342,CAPTURE,SUCCESS,shopify_payments,2026-05-04T14:50:58Z,2026-05-04T14:50:58Z,59.0,USD,processing_fee,2.55,USD,0.0,USD,paypal_domestic_card_not_present,,0.0349
gid://shopify/Order/7698311676094,#1595,2026-05-04T14:56:53Z,2026-05-04T14:56:50Z,PAID,147.0,USD,gid://shopify/OrderTransaction/9266990809278,CAPTURE,SUCCESS,shopify_payments,2026-05-04T14:56:54Z,2026-05-04T14:56:54Z,147.0,USD,processing_fee,4.86,USD,0.0,USD,amex_card_not_present,,0.031
gid://shopify/Order/7698594693310,#1596,2026-05-04T16:11:28Z,2026-05-04T16:11:24Z,PAID,59.0,USD,gid://shopify/OrderTransaction/9267253674174,CAPTURE,SUCCESS,shopify_payments,2026-05-04T16:11:32Z,2026-05-04T16:11:32Z,59.0,USD,processing_fee,1.78,USD,0.0,USD,domestic_card_not_present,,0.025
gid://shopify/Order/7698642567358,#1597,2026-05-04T16:20:47Z,2026-05-04T16:20:42Z,PAID,106.2,USD,gid://shopify/OrderTransaction/9267290800318,CAPTURE,SUCCESS,shopify_payments,2026-05-04T16:20:49Z,2026-05-04T16:20:49Z,59.0,USD,processing_fee,1.78,USD,0.0,USD,domestic_card_not_present,,0.025
gid://shopify/Order/7698642567358,#1597,2026-05-04T16:20:47Z,2026-05-04T16:20:42Z,PAID,106.2,USD,gid://shopify/OrderTransaction/9267291750590,SALE,SUCCESS,shopify_payments,2026-05-04T16:21:06Z,2026-05-04T16:21:06Z,47.2,USD,processing_fee,1.48,USD,0.0,USD,domestic_card_not_present,,0.025
gid://shopify/Order/7698668355774,#1598,2026-05-04T16:25:28Z,2026-05-04T16:25:25Z,PAID,59.0,USD,gid://shopify/OrderTransaction/9267309969598,CAPTURE,SUCCESS,shopify_payments,2026-05-04T16:25:29Z,2026-05-04T16:25:29Z,59.0,USD,processing_fee,2.55,USD,0.0,USD,paypal_domestic_card_not_present,,0.0349
gid://shopify/Order/7698674024638,#1599,2026-05-04T16:26:28Z,2026-05-04T16:26:24Z,PAID,149.6,USD,gid://shopify/OrderTransaction/9267313901758,SALE,SUCCESS,shopify_payments,2026-05-04T16:26:24Z,2026-05-04T16:26:24Z,149.6,USD,processing_fee,4.04,USD,0.0,USD,domestic_card_not_present,,0.025
gid://shopify/Order/7698902253758,#1600,2026-05-04T17:30:40Z,2026-05-04T17:30:32Z,PAID,59.0,USD,gid://shopify/OrderTransaction/9267560939710,SALE,SUCCESS,shopify_payments,2026-05-04T17:30:32Z,2026-05-04T17:30:32Z,59.0,USD,processing_fee,1.78,USD,0.0,USD,domestic_card_not_present,,0.025
gid://shopify/Order/7698955403454,#1601,2026-05-04T17:47:42Z,2026-05-04T17:47:38Z,PAID,106.2,USD,gid://shopify/OrderTransaction/9267625590974,CAPTURE,SUCCESS,shopify_payments,2026-05-04T17:47:43Z,2026-05-04T17:47:43Z,59.0,USD,processing_fee,1.78,USD,0.0,USD,domestic_card_not_present,,0.025
gid://shopify/Order/7698955403454,#1601,2026-05-04T17:47:42Z,2026-05-04T17:47:38Z,PAID,106.2,USD,gid://shopify/OrderTransaction/9267626606782,SALE,SUCCESS,shopify_payments,2026-05-04T17:48:00Z,2026-05-04T17:48:00Z,47.2,USD,processing_fee,1.48,USD,0.0,USD,domestic_card_not_present,,0.025
gid://shopify/Order/7699154731198,#1603,2026-05-04T18:54:13Z,2026-05-04T18:54:08Z,PAID,59.0,USD,gid://shopify/OrderTransaction/9267852345534,CAPTURE,SUCCESS,shopify_payments,2026-05-04T18:54:14Z,2026-05-04T18:54:14Z,59.0,USD,processing_fee,1.78,USD,0.0,USD,domestic_card_not_present,,0.025
gid://shopify/Order/7699180814526,#1604,2026-05-04T19:05:14Z,2026-05-04T19:05:11Z,PAID,59.0,USD,gid://shopify/OrderTransaction/9267885736126,CAPTURE,SUCCESS,shopify_payments,2026-05-04T19:05:15Z,2026-05-04T19:05:15Z,59.0,USD,processing_fee,1.78,USD,0.0,USD,domestic_card_not_present,,0.025
gid://shopify/Order/7699438633150,#1605,2026-05-04T20:50:25Z,2026-05-04T20:50:21Z,PAID,53.16,USD,gid://shopify/OrderTransaction/9268249034942,CAPTURE,SUCCESS,shopify_payments,2026-05-04T20:50:26Z,2026-05-04T20:50:26Z,53.16,USD,processing_fee,1.63,USD,0.0,USD,domestic_card_not_present,,0.025
gid://shopify/Order/7699486867646,#1606,2026-05-04T21:14:10Z,2026-05-04T21:14:07Z,PAID,59.0,USD,gid://shopify/OrderTransaction/9268315979966,CAPTURE,SUCCESS,shopify_payments,2026-05-04T21:14:11Z,2026-05-04T21:14:11Z,59.0,USD,processing_fee,1.78,USD,0.0,USD,domestic_card_not_present,,0.025
gid://shopify/Order/7699674202302,#1607,2026-05-04T22:58:32Z,2026-05-04T22:58:29Z,PAID,59.0,USD,gid://shopify/OrderTransaction/9268580221118,CAPTURE,SUCCESS,shopify_payments,2026-05-04T22:58:33Z,2026-05-04T22:58:33Z,59.0,USD,processing_fee,1.78,USD,0.0,USD,domestic_card_not_present,,0.025
gid://shopify/Order/7699712901310,#1608,2026-05-04T23:19:33Z,2026-05-04T23:19:29Z,PAID,59.0,USD,gid://shopify/OrderTransaction/9268629930174,SALE,SUCCESS,shopify_payments,2026-05-04T23:19:30Z,2026-05-04T23:19:30Z,59.0,USD,processing_fee,1.78,USD,0.0,USD,domestic_card_not_present,,0.025
gid://shopify/Order/7699975045310,#1609,2026-05-05T01:55:54Z,2026-05-05T01:55:50Z,PAID,59.0,USD,gid://shopify/OrderTransaction/9268973502654,CAPTURE,SUCCESS,shopify_payments,2026-05-05T01:55:55Z,2026-05-05T01:55:55Z,59.0,USD,processing_fee,2.13,USD,0.0,USD,amex_card_not_present,,0.031
gid://shopify/Order/7699990020286,#1610,2026-05-05T02:05:38Z,2026-05-05T02:05:36Z,PAID,106.2,USD,gid://shopify/OrderTransaction/9268993032382,CAPTURE,SUCCESS,shopify_payments,2026-05-05T02:05:39Z,2026-05-05T02:05:39Z,59.0,USD,processing_fee,1.78,USD,0.0,USD,domestic_card_not_present,,0.025
gid://shopify/Order/7699990020286,#1610,2026-05-05T02:05:38Z,2026-05-05T02:05:36Z,PAID,106.2,USD,gid://shopify/OrderTransaction/9268994244798,SALE,SUCCESS,shopify_payments,2026-05-05T02:06:21Z,2026-05-05T02:06:21Z,47.2,USD,processing_fee,1.48,USD,0.0,USD,domestic_card_not_present,,0.025
gid://shopify/Order/7700017709246,#1611,2026-05-05T02:23:59Z,2026-05-05T02:23:55Z,PAID,147.0,USD,gid://shopify/OrderTransaction/9269030092990,CAPTURE,SUCCESS,shopify_payments,2026-05-05T02:24:00Z,2026-05-05T02:24:00Z,147.0,USD,processing_fee,3.98,USD,0.0,USD,domestic_card_not_present,,0.025
gid://shopify/Order/7700100612286,#1612,2026-05-05T03:16:39Z,2026-05-05T03:16:36Z,PAID,59.0,USD,gid://shopify/OrderTransaction/9269145927870,CAPTURE,SUCCESS,shopify_payments,2026-05-05T03:16:41Z,2026-05-05T03:16:41Z,59.0,USD,processing_fee,1.78,USD,0.0,USD,domestic_card_not_present,,0.025
gid://shopify/Order/7700137803966,#1614,2026-05-05T03:42:56Z,2026-05-05T03:42:54Z,PAID,50.15,USD,gid://shopify/OrderTransaction/9269196390590,CAPTURE,SUCCESS,shopify_payments,2026-05-05T03:42:58Z,2026-05-05T03:42:58Z,50.15,USD,processing_fee,1.55,USD,0.0,USD,domestic_card_not_present,,0.025
gid://shopify/Order/7700230930622,#1615,2026-05-05T04:41:01Z,2026-05-05T04:41:00Z,PAID,59.0,USD,gid://shopify/OrderTransaction/9269320908990,CAPTURE,SUCCESS,shopify_payments,2026-05-05T04:41:02Z,2026-05-05T04:41:02Z,59.0,USD,processing_fee,2.55,USD,0.0,USD,paypal_domestic_card_not_present,,0.0349
gid://shopify/Order/7700555137214,#1616,2026-05-05T09:37:15Z,2026-05-05T09:37:11Z,PAID,59.0,USD,gid://shopify/OrderTransaction/9269806923966,SALE,SUCCESS,shopify_payments,2026-05-05T09:37:12Z,2026-05-05T09:37:12Z,59.0,USD,processing_fee,1.78,USD,0.0,USD,domestic_card_not_present,,0.025
gid://shopify/Order/7700695875774,#1618,2026-05-05T11:43:44Z,2026-05-05T11:43:41Z,PAID,147.0,USD,gid://shopify/OrderTransaction/9270008512702,CAPTURE,SUCCESS,shopify_payments,2026-05-05T11:43:45Z,2026-05-05T11:43:45Z,147.0,USD,processing_fee,4.86,USD,0.0,USD,amex_card_not_present,,0.031
gid://shopify/Order/7700711899326,#1619,2026-05-05T11:56:44Z,2026-05-05T11:56:40Z,PAID,59.0,USD,gid://shopify/OrderTransaction/9270032302270,CAPTURE,SUCCESS,shopify_payments,2026-05-05T11:56:45Z,2026-05-05T11:56:45Z,59.0,USD,processing_fee,1.78,USD,0.0,USD,domestic_card_not_present,,0.025
gid://shopify/Order/7700746633406,#1620,2026-05-05T12:17:30Z,2026-05-05T12:17:27Z,PAID,50.15,USD,gid://shopify/OrderTransaction/9270075457726,CAPTURE,SUCCESS,shopify_payments,2026-05-05T12:17:31Z,2026-05-05T12:17:31Z,50.15,USD,processing_fee,1.85,USD,0.0,USD,amex_card_not_present,,0.031
gid://shopify/Order/7700750926014,#1621,2026-05-05T12:20:21Z,2026-05-05T12:20:17Z,PAID,59.0,USD,gid://shopify/OrderTransaction/9270081421502,CAPTURE,SUCCESS,shopify_payments,2026-05-05T12:20:23Z,2026-05-05T12:20:23Z,59.0,USD,processing_fee,1.78,USD,0.0,USD,domestic_card_not_present,,0.025
gid://shopify/Order/7700766523582,#1622,2026-05-05T12:31:34Z,2026-05-05T12:31:28Z,PAID,110.0,USD,gid://shopify/OrderTransaction/9270106849470,CAPTURE,SUCCESS,shopify_payments,2026-05-05T12:31:35Z,2026-05-05T12:31:35Z,110.0,USD,processing_fee,3.71,USD,0.0,USD,amex_card_not_present,,0.031
gid://shopify/Order/7700811677886,#1623,2026-05-05T12:56:36Z,2026-05-05T12:56:34Z,PARTIALLY_REFUNDED,147.0,USD,gid://shopify/OrderTransaction/9270167240894,CAPTURE,SUCCESS,shopify_payments,2026-05-05T12:56:37Z,2026-05-05T12:56:37Z,147.0,USD,processing_fee,3.98,USD,0.0,USD,domestic_card_not_present,,0.025
gid://shopify/Order/7700842905790,#1624,2026-05-05T13:13:39Z,2026-05-05T13:13:34Z,PAID,59.0,USD,gid://shopify/OrderTransaction/9270207381694,SALE,SUCCESS,shopify_payments,2026-05-05T13:13:35Z,2026-05-05T13:13:35Z,59.0,USD,processing_fee,1.78,USD,0.0,USD,domestic_card_not_present,,0.025
gid://shopify/Order/7700884029630,#1625,2026-05-05T13:31:11Z,2026-05-05T13:31:09Z,PAID,50.15,USD,gid://shopify/OrderTransaction/9270250864830,CAPTURE,SUCCESS,shopify_payments,2026-05-05T13:31:12Z,2026-05-05T13:31:12Z,50.15,USD,processing_fee,2.24,USD,0.0,USD,paypal_domestic_card_not_present,,0.0349
gid://shopify/Order/7700909424830,#1626,2026-05-05T13:40:12Z,2026-05-05T13:40:08Z,PAID,59.0,USD,gid://shopify/OrderTransaction/9270271443134,CAPTURE,SUCCESS,shopify_payments,2026-05-05T13:40:14Z,2026-05-05T13:40:14Z,59.0,USD,processing_fee,1.78,USD,0.0,USD,domestic_card_not_present,,0.025
gid://shopify/Order/7700989706430,#1627,2026-05-05T14:11:43Z,2026-05-05T14:11:38Z,PAID,59.0,USD,gid://shopify/OrderTransaction/9270346219710,SALE,SUCCESS,shopify_payments,2026-05-05T14:11:39Z,2026-05-05T14:11:39Z,59.0,USD,processing_fee,1.78,USD,0.0,USD,domestic_card_not_present,,0.025
gid://shopify/Order/7701012447422,#1628,2026-05-05T14:24:29Z,2026-05-05T14:24:25Z,PAID,50.15,USD,gid://shopify/OrderTransaction/9270382198974,SALE,SUCCESS,shopify_payments,2026-05-05T14:24:26Z,2026-05-05T14:24:26Z,50.15,USD,processing_fee,1.55,USD,0.0,USD,domestic_card_not_present,,0.025
gid://shopify/Order/7701015658686,#1629,2026-05-05T14:26:08Z,2026-05-05T14:26:06Z,PAID,59.0,USD,gid://shopify/OrderTransaction/9270387507390,CAPTURE,SUCCESS,shopify_payments,2026-05-05T14:26:10Z,2026-05-05T14:26:10Z,59.0,USD,processing_fee,1.78,USD,0.0,USD,domestic_card_not_present,,0.025
gid://shopify/Order/7701030109374,#1630,2026-05-05T14:33:17Z,2026-05-05T14:33:14Z,PAID,50.15,USD,gid://shopify/OrderTransaction/9270407495870,CAPTURE,SUCCESS,shopify_payments,2026-05-05T14:33:19Z,2026-05-05T14:33:19Z,50.15,USD,processing_fee,1.85,USD,0.0,USD,amex_card_not_present,,0.031
gid://shopify/Order/7701071331518,#1631,2026-05-05T14:52:52Z,2026-05-05T14:52:48Z,PAID,59.0,USD,gid://shopify/OrderTransaction/9270462120126,CAPTURE,SUCCESS,shopify_payments,2026-05-05T14:52:53Z,2026-05-05T14:52:53Z,59.0,USD,processing_fee,2.13,USD,0.0,USD,amex_card_not_present,,0.031
gid://shopify/Order/7701753757886,#1632,2026-05-05T18:15:20Z,2026-05-05T18:15:16Z,PAID,147.0,USD,gid://shopify/OrderTransaction/9271176069310,CAPTURE,SUCCESS,shopify_payments,2026-05-05T18:15:21Z,2026-05-05T18:15:21Z,147.0,USD,processing_fee,3.98,USD,0.0,USD,domestic_card_not_present,,0.025
gid://shopify/Order/7701778825406,#1633,2026-05-05T18:24:59Z,2026-05-05T18:24:55Z,PAID,50.15,USD,gid://shopify/OrderTransaction/9271209099454,CAPTURE,SUCCESS,shopify_payments,2026-05-05T18:25:00Z,2026-05-05T18:25:00Z,50.15,USD,processing_fee,1.55,USD,0.0,USD,domestic_card_not_present,,0.025
gid://shopify/Order/7701798453438,#1634,2026-05-05T18:32:55Z,2026-05-05T18:32:51Z,PAID,50.15,USD,gid://shopify/OrderTransaction/9271234101438,CAPTURE,SUCCESS,shopify_payments,2026-05-05T18:32:56Z,2026-05-05T18:32:56Z,50.15,USD,processing_fee,1.55,USD,0.0,USD,domestic_card_not_present,,0.025
gid://shopify/Order/7701817753790,#1635,2026-05-05T18:39:08Z,2026-05-05T18:39:06Z,PAID,59.0,USD,gid://shopify/OrderTransaction/9271255302334,CAPTURE,SUCCESS,shopify_payments,2026-05-05T18:39:09Z,2026-05-05T18:39:09Z,59.0,USD,processing_fee,1.78,USD,0.0,USD,domestic_card_not_present,,0.025
gid://shopify/Order/7701874639038,#1636,2026-05-05T19:01:11Z,2026-05-05T19:01:08Z,PAID,59.0,USD,gid://shopify/OrderTransaction/9271321788606,CAPTURE,SUCCESS,shopify_payments,2026-05-05T19:01:12Z,2026-05-05T19:01:12Z,59.0,USD,processing_fee,2.13,USD,0.0,USD,amex_card_not_present,,0.031
gid://shopify/Order/7701966454974,#1637,2026-05-05T19:39:27Z,2026-05-05T19:39:26Z,PAID,59.0,USD,gid://shopify/OrderTransaction/9271443292350,CAPTURE,SUCCESS,shopify_payments,2026-05-05T19:39:28Z,2026-05-05T19:39:28Z,59.0,USD,processing_fee,2.55,USD,0.0,USD,paypal_domestic_card_not_present,,0.0349
gid://shopify/Order/7702004367550,#1638,2026-05-05T19:57:07Z,2026-05-05T19:57:06Z,PAID,59.0,USD,gid://shopify/OrderTransaction/9271493263550,CAPTURE,SUCCESS,shopify_payments,2026-05-05T19:57:08Z,2026-05-05T19:57:08Z,59.0,USD,processing_fee,2.55,USD,0.0,USD,paypal_domestic_card_not_present,,0.0349
gid://shopify/Order/7702018621630,#1639,2026-05-05T20:04:02Z,2026-05-05T20:03:58Z,PAID,24.65,USD,gid://shopify/OrderTransaction/9271512039614,CAPTURE,SUCCESS,shopify_payments,2026-05-05T20:04:04Z,2026-05-05T20:04:04Z,24.65,USD,processing_fee,0.92,USD,0.0,USD,domestic_card_not_present,,0.025
gid://shopify/Order/7702040510654,#1640,2026-05-05T20:14:07Z,2026-05-05T20:14:03Z,PAID,47.2,USD,gid://shopify/OrderTransaction/9271541825726,SALE,SUCCESS,shopify_payments,2026-05-05T20:14:03Z,2026-05-05T20:14:03Z,47.2,USD,processing_fee,1.48,USD,0.0,USD,domestic_card_not_present,,0.025
gid://shopify/Order/7702078423230,#1641,2026-05-05T20:31:46Z,2026-05-05T20:31:41Z,PAID,176.0,USD,gid://shopify/OrderTransaction/9271599956158,CAPTURE,SUCCESS,shopify_payments,2026-05-05T20:31:47Z,2026-05-05T20:31:47Z,176.0,USD,processing_fee,4.7,USD,0.0,USD,domestic_card_not_present,,0.025
gid://shopify/Order/7702092284094,#1642,2026-05-05T20:37:59Z,2026-05-05T20:37:55Z,PAID,47.2,USD,gid://shopify/OrderTransaction/9271618764990,CAPTURE,SUCCESS,shopify_payments,2026-05-05T20:38:00Z,2026-05-05T20:38:00Z,47.2,USD,processing_fee,1.76,USD,0.0,USD,premium_domestic_card_not_present,,0.031
gid://shopify/Order/7702111715518,#1643,2026-05-05T20:47:37Z,2026-05-05T20:47:32Z,PAID,50.15,USD,gid://shopify/OrderTransaction/9271647830206,CAPTURE,SUCCESS,shopify_payments,2026-05-05T20:47:38Z,2026-05-05T20:47:38Z,50.15,USD,processing_fee,1.55,USD,0.0,USD,domestic_card_not_present,,0.025
gid://shopify/Order/7702203072702,#1644,2026-05-05T21:38:06Z,2026-05-05T21:38:04Z,PAID,59.0,USD,gid://shopify/OrderTransaction/9271772971198,CAPTURE,SUCCESS,shopify_payments,2026-05-05T21:38:06Z,2026-05-05T21:38:06Z,59.0,USD,processing_fee,2.55,USD,0.0,USD,paypal_domestic_card_not_present,,0.0349
gid://shopify/Order/7702284992702,#1645,2026-05-05T22:24:00Z,2026-05-05T22:23:57Z,PAID,139.0,USD,gid://shopify/OrderTransaction/9271889395902,CAPTURE,SUCCESS,shopify_payments,2026-05-05T22:24:02Z,2026-05-05T22:24:02Z,139.0,USD,processing_fee,4.61,USD,0.0,USD,amex_card_not_present,,0.031
gid://shopify/Order/7702419898558,#1646,2026-05-05T23:46:25Z,2026-05-05T23:46:21Z,PAID,59.0,USD,gid://shopify/OrderTransaction/9272084005054,CAPTURE,SUCCESS,shopify_payments,2026-05-05T23:46:26Z,2026-05-05T23:46:26Z,59.0,USD,processing_fee,1.78,USD,0.0,USD,domestic_card_not_present,,0.025
gid://shopify/Order/7702534324414,#1647,2026-05-06T01:01:52Z,2026-05-06T01:01:49Z,PAID,50.15,USD,gid://shopify/OrderTransaction/9272242471102,CAPTURE,SUCCESS,shopify_payments,2026-05-06T01:01:53Z,2026-05-06T01:01:53Z,50.15,USD,processing_fee,1.55,USD,0.0,USD,domestic_card_not_present,,0.025
gid://shopify/Order/7702549987518,#1648,2026-05-06T01:12:11Z,2026-05-06T01:12:08Z,PAID,59.0,USD,gid://shopify/OrderTransaction/9272262918334,CAPTURE,SUCCESS,shopify_payments,2026-05-06T01:12:12Z,2026-05-06T01:12:12Z,59.0,USD,processing_fee,1.78,USD,0.0,USD,domestic_card_not_present,,0.025
gid://shopify/Order/7702576464062,#1649,2026-05-06T01:31:05Z,2026-05-06T01:31:01Z,PAID,59.0,USD,gid://shopify/OrderTransaction/9272301453502,CAPTURE,SUCCESS,shopify_payments,2026-05-06T01:31:06Z,2026-05-06T01:31:06Z,59.0,USD,processing_fee,1.78,USD,0.0,USD,domestic_card_not_present,,0.025
gid://shopify/Order/7702578888894,#1650,2026-05-06T01:32:42Z,2026-05-06T01:32:39Z,PAID,59.0,USD,gid://shopify/OrderTransaction/9272304664766,CAPTURE,SUCCESS,shopify_payments,2026-05-06T01:32:43Z,2026-05-06T01:32:43Z,59.0,USD,processing_fee,1.78,USD,0.0,USD,domestic_card_not_present,,0.025
gid://shopify/Order/7704494047422,#1654,2026-05-06T05:49:12Z,2026-05-06T05:49:08Z,PAID,59.0,USD,gid://shopify/OrderTransaction/9274414629054,CAPTURE,SUCCESS,shopify_payments,2026-05-06T05:49:13Z,2026-05-06T05:49:13Z,59.0,USD,processing_fee,1.78,USD,0.0,USD,domestic_card_not_present,,0.025
gid://shopify/Order/7704745738430,#1655,2026-05-06T09:23:40Z,2026-05-06T09:23:37Z,PAID,50.15,USD,gid://shopify/OrderTransaction/9274774945982,CAPTURE,SUCCESS,shopify_payments,2026-05-06T09:23:41Z,2026-05-06T09:23:41Z,50.15,USD,processing_fee,1.55,USD,0.0,USD,domestic_card_not_present,,0.025
gid://shopify/Order/7704772018366,#1656,2026-05-06T09:54:08Z,2026-05-06T09:54:05Z,PAID,106.2,USD,gid://shopify/OrderTransaction/9274812203198,CAPTURE,SUCCESS,shopify_payments,2026-05-06T09:54:09Z,2026-05-06T09:54:09Z,59.0,USD,processing_fee,1.78,USD,0.0,USD,domestic_card_not_present,,0.025
gid://shopify/Order/7704772018366,#1656,2026-05-06T09:54:08Z,2026-05-06T09:54:05Z,PAID,106.2,USD,gid://shopify/OrderTransaction/9274812694718,SALE,SUCCESS,shopify_payments,2026-05-06T09:54:27Z,2026-05-06T09:54:27Z,47.2,USD,processing_fee,1.48,USD,0.0,USD,domestic_card_not_present,,0.025
gid://shopify/Order/7704812781758,#1657,2026-05-06T10:38:24Z,2026-05-06T10:38:21Z,PAID,59.0,USD,gid://shopify/OrderTransaction/9274870759614,CAPTURE,SUCCESS,shopify_payments,2026-05-06T10:38:26Z,2026-05-06T10:38:26Z,59.0,USD,processing_fee,1.78,USD,0.0,USD,domestic_card_not_present,,0.025
gid://shopify/Order/7704814387390,#1658,2026-05-06T10:40:16Z,2026-05-06T10:40:11Z,PAID,50.15,USD,gid://shopify/OrderTransaction/9274873217214,CAPTURE,SUCCESS,shopify_payments,2026-05-06T10:40:17Z,2026-05-06T10:40:17Z,50.15,USD,processing_fee,1.55,USD,0.0,USD,domestic_card_not_present,,0.025
gid://shopify/Order/7704845254846,#1659,2026-05-06T11:13:58Z,2026-05-06T11:13:55Z,PAID,50.15,USD,gid://shopify/OrderTransaction/9274922369214,CAPTURE,SUCCESS,shopify_payments,2026-05-06T11:13:59Z,2026-05-06T11:13:59Z,50.15,USD,processing_fee,1.55,USD,0.0,USD,domestic_card_not_present,,0.025
gid://shopify/Order/7704868618430,#1660,2026-05-06T11:34:53Z,2026-05-06T11:34:49Z,PAID,78.0,USD,gid://shopify/OrderTransaction/9274956775614,SALE,SUCCESS,shopify_payments,2026-05-06T11:34:50Z,2026-05-06T11:34:50Z,78.0,USD,processing_fee,2.25,USD,0.0,USD,domestic_card_not_present,,0.025
gid://shopify/Order/7704868683966,#1661,2026-05-06T11:34:56Z,2026-05-06T11:34:52Z,PAID,59.0,USD,gid://shopify/OrderTransaction/9274957103294,CAPTURE,SUCCESS,shopify_payments,2026-05-06T11:34:58Z,2026-05-06T11:34:58Z,59.0,USD,processing_fee,1.78,USD,0.0,USD,domestic_card_not_present,,0.025
gid://shopify/Order/7704875270334,#1662,2026-05-06T11:40:26Z,2026-05-06T11:40:23Z,PAID,78.0,USD,gid://shopify/OrderTransaction/9274966114494,CAPTURE,SUCCESS,shopify_payments,2026-05-06T11:40:27Z,2026-05-06T11:40:27Z,78.0,USD,processing_fee,3.5,USD,0.0,USD,amex_international_card_not_present,,0.041
gid://shopify/Order/7704925405374,#1663,2026-05-06T12:14:15Z,2026-05-06T12:14:12Z,PAID,50.15,USD,gid://shopify/OrderTransaction/9275023786174,SALE,SUCCESS,shopify_payments,2026-05-06T12:14:13Z,2026-05-06T12:14:13Z,50.15,USD,processing_fee,1.55,USD,0.0,USD,domestic_card_not_present,,0.025
gid://shopify/Order/7704980586686,#1664,2026-05-06T12:47:45Z,2026-05-06T12:47:42Z,PAID,50.15,USD,gid://shopify/OrderTransaction/9275098562750,CAPTURE,SUCCESS,shopify_payments,2026-05-06T12:47:46Z,2026-05-06T12:47:46Z,50.15,USD,processing_fee,1.85,USD,0.0,USD,amex_card_not_present,,0.031
gid://shopify/Order/7705014698174,#1665,2026-05-06T13:07:48Z,2026-05-06T13:07:45Z,PAID,147.0,USD,gid://shopify/OrderTransaction/9275141882046,CAPTURE,SUCCESS,shopify_payments,2026-05-06T13:07:50Z,2026-05-06T13:07:50Z,147.0,USD,processing_fee,3.98,USD,0.0,USD,domestic_card_not_present,,0.025
gid://shopify/Order/7705199116478,#1666,2026-05-06T14:37:25Z,2026-05-06T14:37:21Z,PAID,66.3,USD,gid://shopify/OrderTransaction/9275363000510,CAPTURE,SUCCESS,shopify_payments,2026-05-06T14:37:27Z,2026-05-06T14:37:27Z,66.3,USD,processing_fee,1.96,USD,0.0,USD,domestic_card_not_present,,0.025
gid://shopify/Order/7705285984446,#1667,2026-05-06T15:16:59Z,2026-05-06T15:16:56Z,PAID,59.0,USD,gid://shopify/OrderTransaction/9275473133758,CAPTURE,SUCCESS,shopify_payments,2026-05-06T15:17:01Z,2026-05-06T15:17:01Z,59.0,USD,processing_fee,1.78,USD,0.0,USD,domestic_card_not_present,,0.025
gid://shopify/Order/7705329369278,#1668,2026-05-06T15:36:56Z,2026-05-06T15:36:52Z,PAID,59.0,USD,gid://shopify/OrderTransaction/9275530608830,CAPTURE,SUCCESS,shopify_payments,2026-05-06T15:36:58Z,2026-05-06T15:36:58Z,59.0,USD,processing_fee,2.13,USD,0.0,USD,amex_card_not_present,,0.031
gid://shopify/Order/7705471385790,#1669,2026-05-06T16:26:39Z,2026-05-06T16:26:36Z,PAID,59.0,USD,gid://shopify/OrderTransaction/9275692810430,CAPTURE,SUCCESS,shopify_payments,2026-05-06T16:26:41Z,2026-05-06T16:26:41Z,59.0,USD,processing_fee,1.78,USD,0.0,USD,domestic_card_not_present,,0.025
gid://shopify/Order/7705579552958,#1670,2026-05-06T17:03:05Z,2026-05-06T17:03:02Z,PAID,59.0,USD,gid://shopify/OrderTransaction/9275821293758,CAPTURE,SUCCESS,shopify_payments,2026-05-06T17:03:07Z,2026-05-06T17:03:07Z,59.0,USD,processing_fee,1.78,USD,0.0,USD,domestic_card_not_present,,0.025
gid://shopify/Order/7705597345982,#1671,2026-05-06T17:08:41Z,2026-05-06T17:08:35Z,PAID,38.35,USD,gid://shopify/OrderTransaction/9275842134206,SALE,SUCCESS,shopify_payments,2026-05-06T17:08:36Z,2026-05-06T17:08:36Z,38.35,USD,processing_fee,1.26,USD,0.0,USD,domestic_card_not_present,,0.025
gid://shopify/Order/7705867813054,#1673,2026-05-06T18:38:51Z,2026-05-06T18:38:48Z,PAID,59.0,USD,gid://shopify/OrderTransaction/9276167127230,CAPTURE,SUCCESS,shopify_payments,2026-05-06T18:38:52Z,2026-05-06T18:38:52Z,59.0,USD,processing_fee,1.78,USD,0.0,USD,domestic_card_not_present,,0.025
gid://shopify/Order/7706037256382,#1675,2026-05-06T19:51:00Z,2026-05-06T19:50:56Z,PAID,59.0,USD,gid://shopify/OrderTransaction/9276385591486,CAPTURE,SUCCESS,shopify_payments,2026-05-06T19:51:02Z,2026-05-06T19:51:02Z,59.0,USD,processing_fee,1.78,USD,0.0,USD,domestic_card_not_present,,0.025
gid://shopify/Order/7706215317694,#1676,2026-05-06T21:17:05Z,2026-05-06T21:17:02Z,PAID,59.0,USD,gid://shopify/OrderTransaction/9276637053118,CAPTURE,SUCCESS,shopify_payments,2026-05-06T21:17:07Z,2026-05-06T21:17:07Z,59.0,USD,processing_fee,1.78,USD,0.0,USD,domestic_card_not_present,,0.025
gid://shopify/Order/7706288390334,#1677,2026-05-06T21:58:24Z,2026-05-06T21:58:21Z,PAID,50.15,USD,gid://shopify/OrderTransaction/9276731097278,CAPTURE,SUCCESS,shopify_payments,2026-05-06T21:58:26Z,2026-05-06T21:58:26Z,50.15,USD,processing_fee,1.55,USD,0.0,USD,domestic_card_not_present,,0.025
gid://shopify/Order/7706320437438,#1678,2026-05-06T22:16:26Z,2026-05-06T22:16:22Z,PAID,110.0,USD,gid://shopify/OrderTransaction/9276774187198,CAPTURE,SUCCESS,shopify_payments,2026-05-06T22:16:27Z,2026-05-06T22:16:27Z,110.0,USD,processing_fee,3.05,USD,0.0,USD,domestic_card_not_present,,0.025
gid://shopify/Order/7706341966014,#1679,2026-05-06T22:28:53Z,2026-05-06T22:28:51Z,PAID,59.0,USD,gid://shopify/OrderTransaction/9276802859198,CAPTURE,SUCCESS,shopify_payments,2026-05-06T22:28:55Z,2026-05-06T22:28:55Z,59.0,USD,processing_fee,1.78,USD,0.0,USD,domestic_card_not_present,,0.025
gid://shopify/Order/7706396393662,#1680,2026-05-06T23:01:53Z,2026-05-06T23:01:50Z,PAID,59.0,USD,gid://shopify/OrderTransaction/9276876619966,CAPTURE,SUCCESS,shopify_payments,2026-05-06T23:01:55Z,2026-05-06T23:01:55Z,59.0,USD,processing_fee,2.13,USD,0.0,USD,premium_domestic_card_not_present,,0.031
gid://shopify/Order/7706431553726,#1681,2026-05-06T23:23:34Z,2026-05-06T23:23:32Z,PAID,59.0,USD,gid://shopify/OrderTransaction/9276923183294,CAPTURE,SUCCESS,shopify_payments,2026-05-06T23:23:36Z,2026-05-06T23:23:36Z,59.0,USD,processing_fee,1.78,USD,0.0,USD,domestic_card_not_present,,0.025
gid://shopify/Order/7706502627518,#1682,2026-05-07T00:09:19Z,2026-05-07T00:09:16Z,PAID,59.0,USD,gid://shopify/OrderTransaction/9277019127998,CAPTURE,SUCCESS,shopify_payments,2026-05-07T00:09:21Z,2026-05-07T00:09:21Z,59.0,USD,processing_fee,1.78,USD,0.0,USD,domestic_card_not_present,,0.025
gid://shopify/Order/7706521501886,#1683,2026-05-07T00:22:13Z,2026-05-07T00:22:10Z,PAID,50.15,USD,gid://shopify/OrderTransaction/9277045473470,CAPTURE,SUCCESS,shopify_payments,2026-05-07T00:22:15Z,2026-05-07T00:22:15Z,50.15,USD,processing_fee,1.55,USD,0.0,USD,domestic_card_not_present,,0.025
gid://shopify/Order/7706533167294,#1684,2026-05-07T00:29:39Z,2026-05-07T00:29:37Z,PAID,59.0,USD,gid://shopify/OrderTransaction/9277061300414,CAPTURE,SUCCESS,shopify_payments,2026-05-07T00:29:40Z,2026-05-07T00:29:40Z,59.0,USD,processing_fee,2.55,USD,0.0,USD,paypal_domestic_card_not_present,,0.0349
gid://shopify/Order/7706729382078,#1685,2026-05-07T02:40:35Z,2026-05-07T02:40:32Z,PAID,59.0,USD,gid://shopify/OrderTransaction/9277328392382,CAPTURE,SUCCESS,shopify_payments,2026-05-07T02:40:36Z,2026-05-07T02:40:36Z,59.0,USD,processing_fee,1.78,USD,0.0,USD,domestic_card_not_present,,0.025
gid://shopify/Order/7706805993662,#1686,2026-05-07T03:36:41Z,2026-05-07T03:36:40Z,PAID,59.0,USD,gid://shopify/OrderTransaction/9277436723390,CAPTURE,SUCCESS,shopify_payments,2026-05-07T03:36:42Z,2026-05-07T03:36:42Z,59.0,USD,processing_fee,2.55,USD,0.0,USD,paypal_domestic_card_not_present,,0.0349
gid://shopify/Order/7706806714558,#1687,2026-05-07T03:37:10Z,2026-05-07T03:37:06Z,PAID,59.0,USD,gid://shopify/OrderTransaction/9277437673662,CAPTURE,SUCCESS,shopify_payments,2026-05-07T03:37:11Z,2026-05-07T03:37:11Z,59.0,USD,processing_fee,1.78,USD,0.0,USD,domestic_card_not_present,,0.025
gid://shopify/Order/7706888405182,#1688,2026-05-07T04:27:00Z,2026-05-07T04:26:57Z,PAID,59.0,USD,gid://shopify/OrderTransaction/9277541580990,CAPTURE,SUCCESS,shopify_payments,2026-05-07T04:27:01Z,2026-05-07T04:27:01Z,59.0,USD,processing_fee,1.78,USD,0.0,USD,domestic_card_not_present,,0.025
gid://shopify/Order/7706930282686,#1689,2026-05-07T05:04:42Z,2026-05-07T05:04:39Z,PAID,50.15,USD,gid://shopify/OrderTransaction/9277596139710,CAPTURE,SUCCESS,shopify_payments,2026-05-07T05:04:44Z,2026-05-07T05:04:44Z,50.15,USD,processing_fee,1.55,USD,0.0,USD,domestic_card_not_present,,0.025
gid://shopify/Order/7706987790526,#1690,2026-05-07T05:44:40Z,2026-05-07T05:44:37Z,PAID,59.0,USD,gid://shopify/OrderTransaction/9277675307198,CAPTURE,SUCCESS,shopify_payments,2026-05-07T05:44:41Z,2026-05-07T05:44:41Z,59.0,USD,processing_fee,1.78,USD,0.0,USD,domestic_card_not_present,,0.025
